1,started,begin#v#3,lead_off#v#2,start#v#2,commence#v#2,begin,begin,begin,commence,lead_off,start,start,begin,commence,start,commence
2,poor,poor#a#2,poor,poor
3,have to,have_to,must,have_to
3,start,begin#v#3,lead_off#v#2,start#v#2,commence#v#2,begin,begin,begin,commence,lead_off,start,start,begin,commence,start,commence
3,soon,soon#r#1,shortly#r#2,presently#r#1,before_long#r#1,presently,shortly,soon,speedily
4,want,desire#v#1,want#v#1,want,want
4,win,succeed#v#1,win#v#4,come_through#v#4,bring_home_the_bacon#v#1,deliver_the_goods#v#1,succeed,come_through,succeed,win,succeed
5,installed,install#v#1,instal#v#1,put_in#v#4,set_up#v#9
5,bookmakers,bookmaker#n#1,bookmaker
6,routed,route#v#1,route
7,game,game#n#1,game,game,game,game,game,game,Games,Unclassified_game,Other_games,Game_rule,A_game,Freegamer,Games,Gaming_league,Match_(game)
7,lost,lose#v#1
7,league,league#n#2
7,opening,open#v#9
8,shadow,shadow#n#1,shadow,shadow,shade,shadow,shade,shadow,Shadows,Shadows,Shadowy,Shade,shadow,Shadowier,Shadowiest,Shadowily,Shadowish,Shadowy
9,unhappy,unhappy#a#1,unhappy
9,right,ethics#n#2,moral_philosophy#n#1,ethics,ethics,ethics,ethics,ethics,Right_and_wrong,moral_philosophy,Ethical,Moral_philosopher,Unethical,moral_Philosophy,ethics_(philosophy),Ethical_standards,Ethical_theory,Ethical_issues,Ethical_system,Right_and_wrong,Military_ethics,Ethical_philosophy,Right_(ethics),Moral_questions,Ethical_standard,Ethical_imperative,Philosophy_of_morality,Moral_philosophers,Ehtics,ethic,Ethical,Ethical_demand,Ethically,Ethikos,moral_philosophy,moral_Philosophy,Philosophical_ethics,Postmodern_ethics,Right_and_Wrong,Un-ethical,Етика
10,cut,cut#v#1,cut,cut,cut,cut,cut
11,lot,lot#n#2,Land_lot,Land_lot,lot,lot,lot_(real_estate),lot_(area),House_lot,Empty_lot,Tract_of_land
12,headquarters,headquarters#n#2,HQ#n#1,military_headquarters#n#1,headquarters,headquarters,head_office,headquarters,head_office,headquarters,HQ,Headquartered,Headquarter,head_office,Honbu,headquarters_(military),Base_of_operations,military_headquarters,Headoffice,Head_quarters,Head_Quarters,Base_of_operation,Hdqrs,Hdqtrs.,Head_Quarter,Head_quarter,headQuarters,Headquarts,Headquaters
12,Old,old#n#1
12,heard,hear#v#1,hear,hear,hear
13,bring,bring#v#3,work#v#11,play#v#27,wreak#v#1,make_for#v#1,work,wreak
13,failed,fail#v#5
14,Italian,Old_Italian#n#1,Italian_language,Italian,Italian-language,Standard_Italian,Old_Italian,Italianised,History_of_Italian,Medieval_Italian,Italophone,Lingua_italiana,History_of_the_Italian_language,Italian_word,Itala_lingvo,Geographic_distribution_of_Italian,Idioma_italiano,ISO_639:it,ISO_639:ita,Italian_Language,Italiano,Italiophone,La_lingua_italiana
14,Gianluca Vialli,Gianluca_Vialli,Gianluca_Vialli,Vialli,Luca_Vialli
14,Vialli,Gianluca_Vialli,Gianluca_Vialli,Vialli,Luca_Vialli
14,fitting,suit#v#1,accommodate#v#1,fit#v#1,accommodate,fit,suit
14,Gianluca,Gianluca,Gianluca
15,DESPAIRS,despair#n#1,desperation#n#1,despair,desperation,despondency,dismay,despair,desperation
15,MONEY,money#n#1,money,money,money,money,money,money,Monetary,Pecuniary,Commercial_bank_money,Real_world_money,Monies,Monetary_items,Concept_of_money,Fiscally,Functions_of_money,Hard_dollar,Money_and_fame,Pelf
16,side,side#n#4,face#n#6,side,face,side,face
16,poor,poor#a#2,poor,poor
16,look,front#v#1,look#v#5,face#v#3,face,front,look,face,front
17,stop,stop#v#1,halt#v#2,halt,stop,stop,stop,stop
17,goals,goal#n#1,end#n#4,goal,Intrinsic_value_(ethics),goal,Intrinsic_value,goal,end,goal,goal,goal,End_in_itself,End-in-itself,Intrinsic_good,Ends-in-themselves,Terminal_value_(philosophy),Ultimate_importance,Short-term_goal,Primary_objective,Total_intrinsic_value,Principle_value,Chief_good,Inherent_worth,Intrinsic_bi-ism,Long-term_goal,Essential_value,Intrinsic_worthiness,Long_term_goal,Meta-value,Monistic_life_stances,Multistic_life_stances,Multistic_lifestance,Negative_intrinsic_value,Personal_achievement,Short_term_goal,Value_in_life,end_(ethics),goal_(management),Object_(task)
18,conceded,concede#v#1,profess#v#3,confess#v#2,concede
18,ve,Vé_(shrine),Vé,Vé,Weoh,Ve_(shrine)
19,committing suicide,commit_suicide#v#1,commit_suicide
19,committing,perpetrate#v#1,commit#v#1,pull#v#5,commit,commit,pull
19,suicide,suicide#n#1,self-destruction#n#1,self-annihilation#n#1,suicide,Self-destructive_behaviour,suicide,self-destruction,suicide,self-murder,suicidality,suicide,suicide,suicide,Suicides,Committed_suicide,Ritual_suicide,Self-destructive,Commit_suicide,Self-destructive_behavior,suicidality,Suicidal_behavior,self-destruction,Committing_suicide,Suicidal_behaviour,Commit_Suicide,self-murder,Suicidologist,Voluntary_death,Killing_yourself,/wrists,Animal_and_bacteria_suicide,Apparent_Suicide,Committed_Suicide,Committing_Suicide,Dutiful_suicide,Eat_your_gun,Eating_your_gun,Economic_suicide,Fall_on_their_swords,Gi_suicide,Internal_struggle,Internal_Struggle,Kill_myself,Kill_oneself,Kill_yourself,Killing_Oneself,Killing_Yourself,Legal,_religious,_and_cultural_views_on_suicide,Legal_Religious_and_Cultural_Views_on_Suicide,Male_suicide,Male_Suicide,Papageno_effect,Parasuicides,Popular_suicide_locations,Self-destructive_behaviours,self-Murder,Self_destruction,Shoot_self_in_head,Sui_caedere,Suicidalism,Suicide_and_evolution,Suicide_in_the_world,Suicidium,Suicidum,Suiside,Suisuide,Widow_suicide
20,have got,have#v#1,have_got#v#1,hold#v#4,have,have_got,hold,have,have_got
20,beaten,beat#v#2,beat_up#v#1,work_over#v#1,beat,beat_up,work_over,beat_up,beat_up
20,got,got
21,Newcastle,Newcastle#n#1,Newcastle-upon-Tyne#n#1,Newcastle_upon_Tyne,Newcastle_upon_Tyne,Newcastle,Newcastle_upon_Tyne,Newcastle_upon_Tyne,Newcastle-upon-Tyne,Newcastle-on-Tyne,Newcastle-Upon-Tyne,Newcastle_on_Tyne,Newcastle_Upon-Tyne,Newcastle_upon_Tyne,_England,City_of_Newcastle_upon_Tyne,Monkchester,Newcastle,_UK,Newcastle-upon-tyne,Newcastle,_Tyne_and_Wear,Newcastle_On_Tyne,Collingwood_Street,Newcastle_Metropolitan_Borough_Council,City_of_Newcastle-upon-Tyne,County_Borough_of_Newcastle_upon_Tyne,Metropolitan_Borough_of_Newcastle-upon-Tyne,Metropolitan_Borough_of_Newcastle_upon_Tyne,Newcastle-upon-Tyne,_Electoral_wards.,Newcastle_UK,Newcastle_Upon_Tyne,Newcastle_upon_tyne,Newcastle_Upon_Tyne,_England,Newscastle,Newscastle_Upon_Tyne,_England,NuT,UN/LOCODE:GBNCL,Newcastle_upon_Tyne_(borough)
22,pressure,pressure#n#1,pressure_level#n#1,force_per_unit_area#n#1,pressure,pressure,pressure,pressure,Water_pressure,Fluid_pressure,Relative_pressure,Pressures,Negative_pressure,pressure_(physics),Gage_pressure,Pressure_units,Units_of_pressure,CmHg,Feet_sea_water,Absolute_Pressure,Cm_H2O,Deflagration_pressure,Explosion_pressure,Fluids_and_pressure,Gauge_Pressure,Kinematic_pressure,Liquid_pressure,Manometric_pressure_unit,Manometric_unit,Mm_H2O,Scientific_physical_pressure,Unit_of_pressure
22,withstood,defy#v#1,withstand#v#1,hold#v#24,hold_up#v#6
23,proof,proof#n#2
24,performance,performance#n#1,public_presentation#n#1,performance,performance,concert,live_show,performance,Performances,Performing,Perform,Pop_concert,Performed
24,probably,credibly#r#1,believably#r#2,plausibly#r#1,probably#r#2
24,worst,worst#a#1
25,score,score#v#1,hit#v#8,tally#v#2,rack_up#v#1,score,score
25,goal,goal#n#1,end#n#4,goal,Intrinsic_value_(ethics),goal,Intrinsic_value,goal,end,goal,goal,goal,End_in_itself,End-in-itself,Intrinsic_good,Ends-in-themselves,Terminal_value_(philosophy),Ultimate_importance,Short-term_goal,Primary_objective,Total_intrinsic_value,Principle_value,Chief_good,Inherent_worth,Intrinsic_bi-ism,Long-term_goal,Essential_value,Intrinsic_worthiness,Long_term_goal,Meta-value,Monistic_life_stances,Multistic_life_stances,Multistic_lifestance,Negative_intrinsic_value,Personal_achievement,Short_term_goal,Value_in_life,end_(ethics),goal_(management),Object_(task)
25,league,league#n#1,conference#n#2,Sports_league,Athletic_conference,athletic_conference,sports_league,conference,league,conference_(sports),league_(sports),Sport_league,Sports_conference,Sports_leagues,Athletics_conference,Athletic_conferences,House_league,Athletic_Conferences,NCAA_Conference,Sport_leagues,conference_(Sports),Conferences_(sport),league_(sport)
25,premier,Premier_(Canada),premier_in_Canada,Canadian_premier,Premier_of_Canada
25,premier league,Premier_League,Premier_League,Premier_League,FA_Premier_League,English_Premier_League,Barclays_Premier_League,F.A._Premier_League,FA_Premiership,The_Premier_League,Big_Four_(English_football),Barclays_Premiership,The_Premiership,Premiere_League,F.A._Premiership,Premier_League_Top_Scorers,English_Premier_league,FA_Premier_league,FA_premier_League,Premier_league_football,English_Premier_Division,Premier_League_Football,English_premiership,Barclaycard_Premiership,English_highest_football_division,English_Premier_League_relegation,FA_Barclaycard_Premiership,FA_Carling_Premiership,FA_PL,Fa_premier,FA_premier_league,Fa_premier_league,FA_PREMIERLEAGUE,FA_PremierLeague,FAPL,Men's_Premier_League,Prem_League,Premeir_League,Premier_league,Premierleague,Premierleague.com,Premiership_football,The_premier_league,The_premiership
26,came,come#v#3,come,come
26,came to,refer#v#2,pertain#v#1,relate#v#2,concern#v#1,come_to#v#2,bear_on#v#1,touch#v#4,touch_on#v#2,have-to_doe_with#v#1,concern,bear_on,come_to,concern,pertain,refer,relate,touch,touch_on,bear_on,concern,pertain
26,lira,lira#n#1,Maltese_lira#n#1,Maltese_lira,Maltese_lira,lira,Maltese_lira,Maltese_pound,Maltese_Pound,Malta_Lira,Malta_pound,Maltese_Lira,lira_(Malta)
27,couple,couple#n#3,couple
28,sound,sound#v#1,sound
28,familiar,familiar#a#1,familiar
29,threw,throw#v#1,throw,throw,throw,throw
29,valuable,valuable#a#1,valuable
29,threw away,discard#v#1,fling#v#4,toss#v#5,toss_out#v#1,toss_away#v#1,chuck_out#v#1,cast_aside#v#1,dispose#v#2,throw_out#v#2,cast_out#v#2,throw_away#v#1,cast_away#v#1,put_away#v#2,discard,throw_out,discard
29,points,fielding#n#1,fielding_(cricket),Fielding,Fielding_positions_in_cricket,Cricket_fielding_positions,Cover_point,Point_(cricket),Fine_leg,Long_on,Mid_on,Fielding_strategy_(cricket),Long_off,Third_Man,Square_leg,Cover_Point,Cricket/Fielding_positions,Cricket_field_positions,Cricket_fielding,Fielding_positions_chart,Long_leg
30,joined,join#v#1,fall_in#v#3,get_together#v#4,fall_in,get_together,join,join
31,truckload,truckload,vanload
31,emblazoned,color#v#4,colour#v#2,emblazon#v#1
32,silenced,silence#v#2
32,doubters,agnostic#n#1,doubter#n#2
33,opted,choose#v#2,prefer#v#2,opt#v#1,choose,opt,prefer,opt,opt
33,city,City,city,Cities,Cities,City_status,City_(United_States),Ancient_city,Ciudad,Città,Citie,Shahr,Sat_(Romania),Ancient_cities,Cittie,Citties,City,City_employment,City_work,Desert_cities,Insular_cities,Insular_city,Island_cities,Stand_alone_city,City_(Idaho),City_(Kentucky),City_(Minnesota),City_(Oregon),City_(South_Carolina)
33,return,return#v#1,come_back,return,come_back,return,return
35,Wimbledon,Wimbledon#n#1
35,beat,beat#v#2,beat_up#v#1,work_over#v#1,beat,beat_up,work_over,beat_up,beat_up
36,need,want#v#2,need#v#2,require#v#4,want
37,RESULTS,solution#n#2,answer#n#2,result#n#2,resolution#n#10,solvent#n#2,resolution,result,solution,solution,solvent,answer,resolution,result
37,DESPAIRS,despair#n#1,desperation#n#1,despair,desperation,despondency,dismay,despair,desperation
37,MONEY,money#n#1,money,money,money,money,money,money,Monetary,Pecuniary,Commercial_bank_money,Real_world_money,Monies,Monetary_items,Concept_of_money,Fiscally,Functions_of_money,Hard_dollar,Money_and_fame,Pelf
37,FAILS,failure,failure,failure,failure,Fail,Commercial_failure,Epic_fail,Failures,Fail_(Internet_meme),Commercial_failures,Epic_Fail,EPIC_FAIL,Epic_failure,FAIL,Fail,Fail_picture,Fail_pictures,Failboat,Failed,Failed,Failing,Fails,Failures,Major_flops,Mitt_Romney_presidential_campaign_2008,PHAIL,Phail,Unsuccess,Fail_(internet_meme),Fail_(meme)
38,RESULTS,solution#n#2,answer#n#2,result#n#2,resolution#n#10,solvent#n#2,resolution,result,solution,solution,solvent,answer,resolution,result
38,BUY,Buy,_Kostroma_Oblast,Buy,Buy,Buy,_Kostroma_Oblast,Buy_(town),Buy_Urban_Okrug,Bouy_(town)
38,FAILS,failure,failure,failure,failure,Fail,Commercial_failure,Epic_fail,Failures,Fail_(Internet_meme),Commercial_failures,Epic_Fail,EPIC_FAIL,Epic_failure,FAIL,Fail,Fail_picture,Fail_pictures,Failboat,Failed,Failed,Failing,Fails,Failures,Major_flops,Mitt_Romney_presidential_campaign_2008,PHAIL,Phail,Unsuccess,Fail_(internet_meme),Fail_(meme)
39,RESULTS,solution#n#2,answer#n#2,result#n#2,resolution#n#10,solvent#n#2,resolution,result,solution,solution,solvent,answer,resolution,result
39,DESPAIRS,despair#n#1,desperation#n#1,despair,desperation,despondency,dismay,despair,desperation
39,MONEY,money#n#1,money,money,money,money,money,money,Monetary,Pecuniary,Commercial_bank_money,Real_world_money,Monies,Monetary_items,Concept_of_money,Fiscally,Functions_of_money,Hard_dollar,Money_and_fame,Pelf
39,FAILS,failure,failure,failure,failure,Fail,Commercial_failure,Epic_fail,Failures,Fail_(Internet_meme),Commercial_failures,Epic_Fail,EPIC_FAIL,Epic_failure,FAIL,Fail,Fail_picture,Fail_pictures,Failboat,Failed,Failed,Failing,Fails,Failures,Major_flops,Mitt_Romney_presidential_campaign_2008,PHAIL,Phail,Unsuccess,Fail_(internet_meme),Fail_(meme)
40,RESULTS,solution#n#2,answer#n#2,result#n#2,resolution#n#10,solvent#n#2,resolution,result,solution,solution,solvent,answer,resolution,result
40,BUY,Buy,_Kostroma_Oblast,Buy,Buy,Buy,_Kostroma_Oblast,Buy_(town),Buy_Urban_Okrug,Bouy_(town)
40,FAILS,failure,failure,failure,failure,Fail,Commercial_failure,Epic_fail,Failures,Fail_(Internet_meme),Commercial_failures,Epic_Fail,EPIC_FAIL,Epic_failure,FAIL,Fail,Fail_picture,Fail_pictures,Failboat,Failed,Failed,Failing,Fails,Failures,Major_flops,Mitt_Romney_presidential_campaign_2008,PHAIL,Phail,Unsuccess,Fail_(internet_meme),Fail_(meme)
41,performance,performance#n#1,public_presentation#n#1,performance,performance,concert,live_show,performance,Performances,Performing,Perform,Pop_concert,Performed
41,manager,director#n#1,manager#n#1,managing_director#n#1
41,probably,credibly#r#1,believably#r#2,plausibly#r#1,probably#r#2
41,reign,reign#n#1,reign,reign,reign,reign,Reigns
41,worst,worst#a#1
42,Wednesday,Wednesday#n#1,Midweek#n#1,Wed#n#1,Wednesday,Wednesday,Wednesday,hump_day,Wednesday,hump_day,Wednesdays,Hump_of_the_week,Wednesdayr,Wendesday,Wodan's_day,Woden's_Day,Wotan's_day,Woten's_Day
42,Sheffield,Sheffield#n#1,Sheffield,Sheffield,Sheffield,Sheffield,Sheffield,Sheffield,_England,City_of_Sheffield,Sheffield,_UK,Shefield,Sheffield,_United_Kingdom,Sheffield,_Great_Britain,County_Borough_of_Sheffield,Metropolitan_Borough_of_Sheffield,Sheffield,_U.K.,Sheffield_england,UN/LOCODE:GBSHE,Sheffield_(borough),Sheffield_(city),Sheffield_(district)
42,Newcastle,Newcastle#n#1,Newcastle-upon-Tyne#n#1,Newcastle_upon_Tyne,Newcastle_upon_Tyne,Newcastle,Newcastle_upon_Tyne,Newcastle_upon_Tyne,Newcastle-upon-Tyne,Newcastle-on-Tyne,Newcastle-Upon-Tyne,Newcastle_on_Tyne,Newcastle_Upon-Tyne,Newcastle_upon_Tyne,_England,City_of_Newcastle_upon_Tyne,Monkchester,Newcastle,_UK,Newcastle-upon-tyne,Newcastle,_Tyne_and_Wear,Newcastle_On_Tyne,Collingwood_Street,Newcastle_Metropolitan_Borough_Council,City_of_Newcastle-upon-Tyne,County_Borough_of_Newcastle_upon_Tyne,Metropolitan_Borough_of_Newcastle-upon-Tyne,Metropolitan_Borough_of_Newcastle_upon_Tyne,Newcastle-upon-Tyne,_Electoral_wards.,Newcastle_UK,Newcastle_Upon_Tyne,Newcastle_upon_tyne,Newcastle_Upon_Tyne,_England,Newscastle,Newscastle_Upon_Tyne,_England,NuT,UN/LOCODE:GBNCL,Newcastle_upon_Tyne_(borough)
42,Sheffield Wednesday,Sheffield_Wednesday_F.C.,Sheffield_Wednesday_F.C.,Sheffield_Wednesday,Sheffield_Wednesday_FC,Sheffield_Wednesday_F.C,The_Wednesday_F.C.,Sheffield_Wednesday_Football_Club,The_Wednesday,The_Owls,Sheffield_Wednesday_F._C.,Lee_strafford,Sheff_Wed,Sheffield_wed,Sheffield_Wednesday_F_C,(Sheffield_Wednesday)
42,said,state#v#1,say#v#1,tell#v#1,tell,say,tell,say,say,say,say,state
42,watching,watch#v#6
42,crash,Crash_(The_Human_League_album),Crash,Crash_(Human_League_album)
42,home,dwelling#n#1,home#n#1,home#n#2,domicile#n#2,abode#n#2,habitation#n#2,dwelling_house#n#1,place#n#7,home,dwelling,dwelling,home,dwelling,home,home,house,abode,domicile,dwelling,habitation,home,house,place,home,Dwellings,Private_residence,Residences,abode,ðŸ?¡,Private_house,Dwelling_place,Homes,Homeward
43,world,world#n#6
43,pounds sterling,British_pound#n#1,pound#n#2,British_pound_sterling#n#1,pound_sterling#n#1,quid#n#1,sterling#n#1,pound_sterling,pound_sterling,British_pound,pound,pound,pound_sterling,pound_sterling,sterling,pound,pound_sterling,quid,sterling,British_pound,GBP,GBP,British_pound,Pounds_sterling,British_Pound,British_pounds,British_pound_sterling,English_pound,UK_pound,UK£,British_Pounds,British_currency,pound_(sterling),Great_British_Pound,Pound_stirling,Currency_of_the_United_Kingdom,United_Kingdom_Pound,Pounds_Sterling,English_sterling,Poundsterling,Great_Britain_Pound,GB£,United_Kingdom_pound,English_Pound,British_monetary_system,British_money,British_Pound_sterling,British_Pound_Sterling,British_Pound_stirling,British_Pounds_Sterling,British_Sterling,Currency_in_the_United_Kingdom,Currency_of_England,English_currency,GB_pound,GBPS,GBPS_2,GBP£,Great_britain_pound,Great_british_pound,Imperial_currency,Libra_esterlina,Pound_Area,pound_Sterling,PS1_coin,Sterling_Pound,UK_currency,UK_Pound,UK_Sterling,United_Kingdom_Pounds,£
43,joined,join#v#1,fall_in#v#3,get_together#v#4,fall_in,get_together,join,join
43,pounds,pound#n#1,lb#n#1,pound_(mass),pound,lb,pound,pound_(weight),Pounds_(mass),Tower_pound,Avoirdupois_pound,Pound-mass,Funt_(mass),International_avoirdupois_pound,Russian_pound,Pound_mass,Pound_avoirdupois,pound_(avoirdupois),Lbs.,pound_(unit_of_weight),British_Imperial_pound,Lb.,Lb_av,London_pound,London_Pound,Metric_pound,Metric_Pound,Pound-Mass,Pound_Avoirdupois,Pound_Mass,Pound_Troy,Tower_pounds,Us_pound,℔,pound_(Avoirdupois),pound_(Metric),pound_(metric),pound_(Metric_unit),pound_(metric_unit),pound_(Metric_Unit),pound_(troy),pound_(Troy),pound_(Weight)
43,record,record#n#1,Archaeological_record,archaeological_record,record,record,Archaeological_evidence,Archeological_record,record_(archaeology)
43,world record,world_record#n#1,world_record,world_record,world_record,World_records,World_Records,World-record,World_best,Record_breaking,Record_mundial,Record_time,Sport_Record,Sport_record,World_Best,world_Record
43,Blackburn,Blackburn#n#1,Blackburnian_warbler#n#1,Dendroica_fusca#n#1,Blackburnian_warbler,Blackburnian_Warbler,Blackburnian_warbler,Dendroica_fusca,Setophaga_fusca,Blackburnian_Warbler,Dendroica_blackburniae
44,installed,install#v#1,instal#v#1,put_in#v#4,set_up#v#9
44,favourites,front-runner#n#1,favorite#n#3,favourite#n#1,favorite,favourite
44,bookmakers,bookmaker#n#1,bookmaker
44,championship,championship#n#1,title#n#4
44,win,win#v#1,win
45,routed,route#v#1,route
45,Charity Shield,FA_Community_Shield,FA_Community_Shield,FA_Charity_Shield,Charity_Shield,Football_Association_Community_Shield
45,Shield,shield#n#1
45,Manchester,Manchester#n#2,Manchester,Manchester,Manchester,Manchester,Manchester,_England,City_of_Manchester,Manchester,_UK,Manchester,_United_Kingdom,Manchester,_Greater_Manchester,Manchester_(England),County_Borough_of_Manchester,Manchester_(city,_England),Mancs,Metropolitan_Borough_of_Manchester,Climate_of_Manchester,Drizzlechester,England_Manchester,Machester,Manchester,_U.K.,Manchester_developments,The_weather_in_Manchester,UN/LOCODE:GBMNC,Manchester_(borough),Manchester_(UK)
45,Manchester United,Manchester_United_F.C.,Manchester_United_F.C.,Man_U,Man_United,MUFC,Manchester_United_F.C.,Manchester_United,Manchester_United_FC,Manchester_United_F.C,Manchester_United_Football_Club,Newton_Heath_F.C.,Manchester_United_F._C.,Manchester_united,Manchester_Utd,Man_Utd,Busby_Babes,F.c._man_utd,Fc_man_utd,Machester_United,Man-U,Man._u,Man._United,Man_U,Man_u,Man_United,Man_UTD,Man_utd,Man_Yoo,Manc_united,Manchester_U,Manchester_United,Manchester_united_F.C.,Manchester_United_F_C,Manchester_United_Football_Squad,Manchester_United_plc,Manchester_united_squad,Manchester_unted,Manchester_Utd.,Manchester_Utd_FC,ManU,ManUtd,Manutd,ManYoo,MUFC,Mufc,Newton_Heath_L&YR_F.C.,Newton_Heath_L&YR_FC,Old_Trafford,The_Red_Devils
45,Charity,charity#n#1,charity_(practice),charity,charity,Charitable,Charitable_donation,Charitable_work,Charity_and_Charities,Clothing_drive
46,game,game#n#1,game,game,game,game,game,game,Games,Unclassified_game,Other_games,Game_rule,A_game,Freegamer,Games,Gaming_league,Match_(game)
46,lost,lose#v#1
46,league,league#n#2
46,opening,open#v#9
47,silenced,silence#v#2
47,midweek,midweek
47,doubters,agnostic#n#1,doubter#n#2
47,side,English#n#4,side#n#12,english
47,goal,goal#n#3,goal_(sport),goal,goal,goal,Goalposts,Goal_post,Goal_posts,Field_goals,Goal_sports,Field_Goal,Fieldgoal,Free_shot,Goal_Score,Goalframe,Goalie_nets,Internal_goal_stanchion,Soccer_goals,goal_(football),Woodwork_(football)
47,free kick,free_kick#n#1
47,kick,kick#n#1,boot#n#7,kicking#n#2,kick,kick,boot,kick,kicking,boot,kick,kicking,Kicks,Back_kick,Axe_kick,Side_kick,Hook_kick,Reverse_roundhouse_kick,Crescent_kick,Spinning_heel_kick,Hook_Kick,Axe_Kick,Crescent_Kick,Calf_kick,Reverse_turning_kick,Reverse_Roundhouse_kick,Back_Kick,Gickack,Gickacking,Hug_tornado,Mule-kick,Push_Kick,Reverse_round_kick
47,superb,brilliant#a#1,superb#a#1,brilliant
47,beat,beat#v#2,beat_up#v#1,work_over#v#1,beat,beat_up,work_over,beat_up,beat_up
47,free,free#a#1,free
48,unhappy,unhappy#a#1,unhappy
48,right,ethics#n#2,moral_philosophy#n#1,ethics,ethics,ethics,ethics,ethics,Right_and_wrong,moral_philosophy,Ethical,Moral_philosopher,Unethical,moral_Philosophy,ethics_(philosophy),Ethical_standards,Ethical_theory,Ethical_issues,Ethical_system,Right_and_wrong,Military_ethics,Ethical_philosophy,Right_(ethics),Moral_questions,Ethical_standard,Ethical_imperative,Philosophy_of_morality,Moral_philosophers,Ehtics,ethic,Ethical,Ethical_demand,Ethically,Ethikos,moral_philosophy,moral_Philosophy,Philosophical_ethics,Postmodern_ethics,Right_and_Wrong,Un-ethical,Етика
49,side,side#n#1
49,poor,poor#a#2,poor,poor
49,say,say#v#7,say
49,right,right#n#1,Rights,rights,right,right,Rights,right,right,Rights_Ethics,Peoples'_rights,Rights_ethics,People's_rights,right,Right_by_birth
49,got,got
49,look,look#v#1,look,look,look,look
50,side,side#n#4,face#n#6,side,face,side,face
50,poor,poor#a#2,poor,poor
50,look,front#v#1,look#v#5,face#v#3,face,front,look,face,front
51,stop,stop#v#1,halt#v#2,halt,stop,stop,stop,stop
51,goals,goal#n#1,end#n#4,goal,Intrinsic_value_(ethics),goal,Intrinsic_value,goal,end,goal,goal,goal,End_in_itself,End-in-itself,Intrinsic_good,Ends-in-themselves,Terminal_value_(philosophy),Ultimate_importance,Short-term_goal,Primary_objective,Total_intrinsic_value,Principle_value,Chief_good,Inherent_worth,Intrinsic_bi-ism,Long-term_goal,Essential_value,Intrinsic_worthiness,Long_term_goal,Meta-value,Monistic_life_stances,Multistic_life_stances,Multistic_lifestance,Negative_intrinsic_value,Personal_achievement,Short_term_goal,Value_in_life,end_(ethics),goal_(management),Object_(task)
51,moment,moment#n#2,mo#n#1,minute#n#2,second#n#2,bit#n#3,moment,second,bit,minute,moment,second
52,legislate,legislate#v#1,pass#v#3,pass,pass
52,ca,California#n#1,Golden_State#n#1,CA#n#2,Calif.#n#1,California,Golden_State_(train),California,Golden_State,California,CA,California,California,Califórnia,State_of_California,California_(U.S._state),California,_USA,California's,California,_United_States,California_(state),General_law_city,California_State,California’s,Golden_State_Limited,Calif.,Californians,California_Chronic,31st_State,California,_U.S.A.,California,_US,Califórnia,California(U.S._state),Calfornia,California,_United_States_of_America,US-CA,CA,_US,CA_state,Califnornia,California,_United_States_America,California,_united_states_of_america,California,_usa,Californiay,Californny,Califronia,Charlie_Alpha,Christianity_in_California,Kaeliponia,Kaelliponia,Kalifoni,Kalifornija,Kalifornía,Kalifòni,State_of_california,State_of_California,_United_States,Taxifornia,The_golden_state,The_State_of_California,Thirty-first_State,Thirty-First_State,CA_(state),California_(province),California_(State),Golden_State_(passenger_train)
52,goals,goal#n#1,end#n#4,goal,Intrinsic_value_(ethics),goal,Intrinsic_value,goal,end,goal,goal,goal,End_in_itself,End-in-itself,Intrinsic_good,Ends-in-themselves,Terminal_value_(philosophy),Ultimate_importance,Short-term_goal,Primary_objective,Total_intrinsic_value,Principle_value,Chief_good,Inherent_worth,Intrinsic_bi-ism,Long-term_goal,Essential_value,Intrinsic_worthiness,Long_term_goal,Meta-value,Monistic_life_stances,Multistic_life_stances,Multistic_lifestance,Negative_intrinsic_value,Personal_achievement,Short_term_goal,Value_in_life,end_(ethics),goal_(management),Object_(task)
53,committing suicide,commit_suicide#v#1,commit_suicide
53,committing,perpetrate#v#1,commit#v#1,pull#v#5,commit,commit,pull
53,suicide,suicide#n#1,self-destruction#n#1,self-annihilation#n#1,suicide,Self-destructive_behaviour,suicide,self-destruction,suicide,self-murder,suicidality,suicide,suicide,suicide,Suicides,Committed_suicide,Ritual_suicide,Self-destructive,Commit_suicide,Self-destructive_behavior,suicidality,Suicidal_behavior,self-destruction,Committing_suicide,Suicidal_behaviour,Commit_Suicide,self-murder,Suicidologist,Voluntary_death,Killing_yourself,/wrists,Animal_and_bacteria_suicide,Apparent_Suicide,Committed_Suicide,Committing_Suicide,Dutiful_suicide,Eat_your_gun,Eating_your_gun,Economic_suicide,Fall_on_their_swords,Gi_suicide,Internal_struggle,Internal_Struggle,Kill_myself,Kill_oneself,Kill_yourself,Killing_Oneself,Killing_Yourself,Legal,_religious,_and_cultural_views_on_suicide,Legal_Religious_and_Cultural_Views_on_Suicide,Male_suicide,Male_Suicide,Papageno_effect,Parasuicides,Popular_suicide_locations,Self-destructive_behaviours,self-Murder,Self_destruction,Shoot_self_in_head,Sui_caedere,Suicidalism,Suicide_and_evolution,Suicide_in_the_world,Suicidium,Suicidum,Suiside,Suisuide,Widow_suicide
54,tussle,hassle#n#2,scuffle#n#1,tussle#n#1,dogfight#n#2,rough-and-tumble#n#1,scuffle,scuffle,tussle
54,threw,throw#v#1,throw,throw,throw,throw
54,year,year#n#1,twelvemonth#n#1,yr#n#1,year,year,an,year,twelvemonth,year,yr,Megaannum,mega-annum,Gigaannum,Ma_(unit),Kiloannum,gigayear,Tya,Giga-annum,Ga_(unit),Gregorian_year,Yearly,Exa-annum,Megaannus,Eclipse_year,Gigaanna,Megayear,Earth_year,Gigaannus,Earth_years,Annus,Kiloannus,525600,Draconitic_year,Dracontic_year,Ecliptic_year,Exaannum,Exayear,Gregorian_Year,Heliacal_year,Petaanna,Petayear,Terayear,The_year,The_Year,twelvemonth,TYA,Yaer,Year_duration,Yottayear,Zettayear
54,league,league#n#1,conference#n#2,Sports_league,Athletic_conference,athletic_conference,sports_league,conference,league,conference_(sports),league_(sports),Sport_league,Sports_conference,Sports_leagues,Athletics_conference,Athletic_conferences,House_league,Athletic_Conferences,NCAA_Conference,Sport_leagues,conference_(Sports),Conferences_(sport),league_(sport)
54,defending,defend#v#1,support#v#8,fend_for#v#1,defend,defend
54,inexplicable,inexplicable#a#1,incomprehensible#a#1,inexplicable
54,epic,Epic_Records,Epic_Records,WTG_Records,DC_Flag_Records,Glowworm_Records,Epic_Nashville,X-Cell_Records,Epic_Soundtrax,Epic_Street,Epic_Label_Group,Epic_Music_Video,Epic_records,Epic_(SME)
54,concentration,concentration#n#1,concentration,concentration,concentration,concentration,Concentrations,Analytical_concentration,concentration_(chemistry),Chemical_concentration,Concentration_measurements,Diluting,ACnc,Diz_stuff,Mole_ratio
54,threw away,discard#v#1,fling#v#4,toss#v#5,toss_out#v#1,toss_away#v#1,chuck_out#v#1,cast_aside#v#1,dispose#v#2,throw_out#v#2,cast_out#v#2,throw_away#v#1,cast_away#v#1,put_away#v#2,discard,throw_out,discard
54,points,point#n#1,point,point
54,lapses,lapse#n#2
54,poor,hapless#a#1,miserable#a#2,misfortunate#a#1,pathetic#a#1,piteous#a#1,pitiable#a#2,pitiful#a#3,poor#a#1,wretched#a#5,pathetic,piteous,pitiable,pitiful
54,Manchester,Manchester#n#2,Manchester,Manchester,Manchester,Manchester,Manchester,_England,City_of_Manchester,Manchester,_UK,Manchester,_United_Kingdom,Manchester,_Greater_Manchester,Manchester_(England),County_Borough_of_Manchester,Manchester_(city,_England),Mancs,Metropolitan_Borough_of_Manchester,Climate_of_Manchester,Drizzlechester,England_Manchester,Machester,Manchester,_U.K.,Manchester_developments,The_weather_in_Manchester,UN/LOCODE:GBMNC,Manchester_(borough),Manchester_(UK)
54,Manchester United,Manchester_United_F.C.,Manchester_United_F.C.,Man_U,Man_United,MUFC,Manchester_United_F.C.,Manchester_United,Manchester_United_FC,Manchester_United_F.C,Manchester_United_Football_Club,Newton_Heath_F.C.,Manchester_United_F._C.,Manchester_united,Manchester_Utd,Man_Utd,Busby_Babes,F.c._man_utd,Fc_man_utd,Machester_United,Man-U,Man._u,Man._United,Man_U,Man_u,Man_United,Man_UTD,Man_utd,Man_Yoo,Manc_united,Manchester_U,Manchester_United,Manchester_united_F.C.,Manchester_United_F_C,Manchester_United_Football_Squad,Manchester_United_plc,Manchester_united_squad,Manchester_unted,Manchester_Utd.,Manchester_Utd_FC,ManU,ManUtd,Manutd,ManYoo,MUFC,Mufc,Newton_Heath_L&YR_F.C.,Newton_Heath_L&YR_FC,Old_Trafford,The_Red_Devils
54,valuable,valuable#a#1,valuable
55,insanity,insanity#n#1,insanity,madness,insanity,madness,insanity,Insane,Creatures_of_the_Id,Unsound_mind,Madman_Atomic_Comics,Bats_in_the_belfry,Bats_in_the_Belfry,Barking_mad,Brainsick,Brainsickness,Clinical_insanity,Crazier,craziness,crazy,Croizee,Definition_of_Insanity,Insanely,Insanest,Legal_mental_illness,Madman_Adventure,The_Superman/Madman_Hullabaloo!,Crazy_(movie),Insane,Insanities,Mad,madman,Madmen,Madness
55,attack,attack#n#2,Offense_(sports),offense,attack_(sport)
55,midsummer,summer_solstice#n#1,June_21#n#1,midsummer#n#1,summer_solstice,midsummer,June_21,21_June,St_John's_Eve,summer_solstice,midsummer,summer_solstice,June_21,21_June,Midsummer's_Eve,Juhannus,Litha,Midsummer's_day,Ivanje,Sankt_Hans_aften,Midsummer's_Night,Jonsok,Midsummers_day,Midsommar,Midsummer_day,midsummer_(holiday),Mid-Summer_Festival,Alban_Hefin,Midsummer_festival,21_June,21st_June,Jun_21,June_21st,Les_cônes_d'la_Saint_Jean,Longest_day_of_the_year,Mid_summer,Midsommarafton,Midsommardagen,Midsummer's_eve,Midsummer's_night,Midsummer_day_and_midsummer_night,Midsummer_Festival,Sankthansaften,St._Peter's_Eve,St_Peter's_Eve,summer_Solstice,midsummer_(neopagan)
55,appears,look#v#2,appear#v#1,seem#v#1,appear,look,seem,look,look
55,moment,here_and_now#n#1,present_moment#n#1,moment#n#3
56,lot,lot#n#2,Land_lot,Land_lot,lot,lot,lot_(real_estate),lot_(area),House_lot,Empty_lot,Tract_of_land
56,play,play#n#1,drama#n#1,dramatic_play#n#1,play_(theatre),play,drama,play,drama_(genre),Stage_play,Theatre_play,play_(theater),Stage_plays,drama_(art_form),Stageplay,Straight_play,Theatrical_play,Comedic_play,Playlet,Playlets,drama_(Art_Form),History_of_plays,Theater_play,Stageplays,Playgoer,Theater/play,Theatre/play,play_(theatrical)
57,pressure,pressure#n#1,pressure_level#n#1,force_per_unit_area#n#1,pressure,pressure,pressure,pressure,Water_pressure,Fluid_pressure,Relative_pressure,Pressures,Negative_pressure,pressure_(physics),Gage_pressure,Pressure_units,Units_of_pressure,CmHg,Feet_sea_water,Absolute_Pressure,Cm_H2O,Deflagration_pressure,Explosion_pressure,Fluids_and_pressure,Gauge_Pressure,Kinematic_pressure,Liquid_pressure,Manometric_pressure_unit,Manometric_unit,Mm_H2O,Scientific_physical_pressure,Unit_of_pressure
57,withstood,defy#v#1,withstand#v#1,hold#v#24,hold_up#v#6
58,opted,choose#v#2,prefer#v#2,opt#v#1,choose,opt,prefer,opt,opt
58,career,career#n#1,calling#n#1,vocation#n#1,career,vocation,Religious_calling,career,Religious_calling,vocation,career,vocation,calling,career,vocation,vocation,Vocational,calling_(LDS_Church),Careers,calling_(religious),Vocations,Religious_vocation,calling_(Mormonism),Career_change,Carreer,Ecclesiastical_and_Religious_Vocation,Vocation,_Ecclesiastical_and_Religious
58,Shearer,shearer#n#3,shearer
58,city,City,city,Cities,Cities,City_status,City_(United_States),Ancient_city,Ciudad,Città,Citie,Shahr,Sat_(Romania),Ancient_cities,Cittie,Citties,City,City_employment,City_work,Desert_cities,Insular_cities,Insular_city,Island_cities,Stand_alone_city,City_(Idaho),City_(Kentucky),City_(Minnesota),City_(Oregon),City_(South_Carolina)
58,season,television_program#n#1,TV_program#n#1,television_show#n#1,TV_show#n#1,television_program,television_program,season,series,cour,series,television_program,television_series,television_show,TV_series,television_series,TV_series,television_show,TV_show,Television_production,Television_programme,Television_programs,Television_shows,TV_program,Television_season,TV-series,TV_Series,Tv_series,season_(television),Television_programmes,Tv_show,TV_programme,TV_Show,television_Series,Television_serials,TV_season,TV-show,Scripted_television,Televison_series,Series_television,Television_serie,TV_programmes,Television_Programme,TV_programs,Cours_(TV_production),Production_season,Original_television_series,television_Show,Tv-show,TV-program,TV-Series,Tv_programme,Tv_programs,TV_SHOW,cour_(TV_production)
58,birth,birth#n#1,birth,childbirth,parturition
58,best,best#r#1
58,bid,command#n#1,bid#n#1,bidding#n#1,dictation#n#1,command
58,return,return#v#1,come_back,return,come_back,return,return
59,opted,choose#v#2,prefer#v#2,opt#v#1,choose,opt,prefer,opt,opt
59,career,career#n#2,life_history#n#2
59,city,City,city,Cities,Cities,City_status,City_(United_States),Ancient_city,Ciudad,Città,Citie,Shahr,Sat_(Romania),Ancient_cities,Cittie,Citties,City,City_employment,City_work,Desert_cities,Insular_cities,Insular_city,Island_cities,Stand_alone_city,City_(Idaho),City_(Kentucky),City_(Minnesota),City_(Oregon),City_(South_Carolina)
59,birth,birth
59,return,return#v#1,come_back,return,come_back,return,return
60,favourites,front-runner#n#1,favorite#n#3,favourite#n#1,favorite,favourite
60,series,television_program#n#1,TV_program#n#1,television_show#n#1,TV_show#n#1,television_program,television_program,season,series,cour,series,television_program,television_series,television_show,TV_series,television_series,TV_series,television_show,TV_show,Television_production,Television_programme,Television_programs,Television_shows,TV_program,Television_season,TV-series,TV_Series,Tv_series,season_(television),Television_programmes,Tv_show,TV_programme,TV_Show,television_Series,Television_serials,TV_season,TV-show,Scripted_television,Televison_series,Series_television,Television_serie,TV_programmes,Television_Programme,TV_programs,Cours_(TV_production),Production_season,Original_television_series,television_Show,Tv-show,TV-program,TV-Series,Tv_programme,Tv_programs,TV_SHOW,cour_(TV_production)
60,bookmakers,bookmaker#n#2,bookie#n#1,bookmaker,bookmaker,bookie,bookmaker,bookmaking,bookmaking,Bookmakers,bookie,Bookies,Turf_accountant,Betting_shops,SP_bookmaker,Betting_office,Book_it,Book_maker,Booky,Bookys,Making_book
60,championship,championship#n#2,championship,championship,championship,championship,Championships
60,lift,raise#v#2,lift#v#1,elevate#v#2,get_up#v#3,bring_up#v#4,elevate,heave,lift,raise,elevate,get_up,lift,raise
60,impressive,impressive#a#1,impressive,impressive
60,fourth,fourth#a#1,4th#a#1,quaternary#a#2
60,series of,World_Series_of_Fighting_2:_Arlovski_vs._Johnson,World_Series_of_Fighting_2:_Arlovski_vs._Johnson,Series_of
60,title,title#n#1,statute_title#n#1,rubric#n#4
60,performances,performance#n#1,public_presentation#n#1,performance,performance,concert,live_show,performance,Performances,Performing,Perform,Pop_concert,Performed
60,years,year#n#1,twelvemonth#n#1,yr#n#1,year,year,an,year,twelvemonth,year,yr,Megaannum,mega-annum,Gigaannum,Ma_(unit),Kiloannum,gigayear,Tya,Giga-annum,Ga_(unit),Gregorian_year,Yearly,Exa-annum,Megaannus,Eclipse_year,Gigaanna,Megayear,Earth_year,Gigaannus,Earth_years,Annus,Kiloannus,525600,Draconitic_year,Dracontic_year,Ecliptic_year,Exaannum,Exayear,Gregorian_Year,Heliacal_year,Petaanna,Petayear,Terayear,The_year,The_Year,twelvemonth,TYA,Yaer,Year_duration,Yottayear,Zettayear
61,score,score#v#1,hit#v#8,tally#v#2,rack_up#v#1,score,score
61,Italian,Old_Italian#n#1,Italian_language,Italian,Italian-language,Standard_Italian,Old_Italian,Italianised,History_of_Italian,Medieval_Italian,Italophone,Lingua_italiana,History_of_the_Italian_language,Italian_word,Itala_lingvo,Geographic_distribution_of_Italian,Idioma_italiano,ISO_639:it,ISO_639:ita,Italian_Language,Italiano,Italiophone,La_lingua_italiana
61,goal,goal#n#1,end#n#4,goal,Intrinsic_value_(ethics),goal,Intrinsic_value,goal,end,goal,goal,goal,End_in_itself,End-in-itself,Intrinsic_good,Ends-in-themselves,Terminal_value_(philosophy),Ultimate_importance,Short-term_goal,Primary_objective,Total_intrinsic_value,Principle_value,Chief_good,Inherent_worth,Intrinsic_bi-ism,Long-term_goal,Essential_value,Intrinsic_worthiness,Long_term_goal,Meta-value,Monistic_life_stances,Multistic_life_stances,Multistic_lifestance,Negative_intrinsic_value,Personal_achievement,Short_term_goal,Value_in_life,end_(ethics),goal_(management),Object_(task)
61,league,league#n#1,conference#n#2,Sports_league,Athletic_conference,athletic_conference,sports_league,conference,league,conference_(sports),league_(sports),Sport_league,Sports_conference,Sports_leagues,Athletics_conference,Athletic_conferences,House_league,Athletic_Conferences,NCAA_Conference,Sport_leagues,conference_(Sports),Conferences_(sport),league_(sport)
61,premier,Premier,_Switzerland,premier,Premier,_Switzerland,Premier,_switzerland,Premier_VD,Premier_(Vaud)
61,Gianluca Vialli,Gianluca_Vialli,Gianluca_Vialli,Vialli,Luca_Vialli
61,Vialli,Gianluca_Vialli,Gianluca_Vialli,Vialli,Luca_Vialli
61,fitting,suit#v#1,accommodate#v#1,fit#v#1,accommodate,fit,suit
61,Gianluca,Gianluca,Gianluca
61,premier league,Premier_League,Premier_League,Premier_League,FA_Premier_League,English_Premier_League,Barclays_Premier_League,F.A._Premier_League,FA_Premiership,The_Premier_League,Big_Four_(English_football),Barclays_Premiership,The_Premiership,Premiere_League,F.A._Premiership,Premier_League_Top_Scorers,English_Premier_league,FA_Premier_league,FA_premier_League,Premier_league_football,English_Premier_Division,Premier_League_Football,English_premiership,Barclaycard_Premiership,English_highest_football_division,English_Premier_League_relegation,FA_Barclaycard_Premiership,FA_Carling_Premiership,FA_PL,Fa_premier,FA_premier_league,Fa_premier_league,FA_PREMIERLEAGUE,FA_PremierLeague,FAPL,Men's_Premier_League,Prem_League,Premeir_League,Premier_league,Premierleague,Premierleague.com,Premiership_football,The_premier_league,The_premiership
62,score,score#v#1,hit#v#8,tally#v#2,rack_up#v#1,score,score
62,goal,goal#n#1,end#n#4,goal,Intrinsic_value_(ethics),goal,Intrinsic_value,goal,end,goal,goal,goal,End_in_itself,End-in-itself,Intrinsic_good,Ends-in-themselves,Terminal_value_(philosophy),Ultimate_importance,Short-term_goal,Primary_objective,Total_intrinsic_value,Principle_value,Chief_good,Inherent_worth,Intrinsic_bi-ism,Long-term_goal,Essential_value,Intrinsic_worthiness,Long_term_goal,Meta-value,Monistic_life_stances,Multistic_life_stances,Multistic_lifestance,Negative_intrinsic_value,Personal_achievement,Short_term_goal,Value_in_life,end_(ethics),goal_(management),Object_(task)
62,league,league#n#1,conference#n#2,Sports_league,Athletic_conference,athletic_conference,sports_league,conference,league,conference_(sports),league_(sports),Sport_league,Sports_conference,Sports_leagues,Athletics_conference,Athletic_conferences,House_league,Athletic_Conferences,NCAA_Conference,Sport_leagues,conference_(Sports),Conferences_(sport),league_(sport)
62,premier,Premier_(Canada),premier_in_Canada,Canadian_premier,Premier_of_Canada
62,premier league,Premier_League,Premier_League,Premier_League,FA_Premier_League,English_Premier_League,Barclays_Premier_League,F.A._Premier_League,FA_Premiership,The_Premier_League,Big_Four_(English_football),Barclays_Premiership,The_Premiership,Premiere_League,F.A._Premiership,Premier_League_Top_Scorers,English_Premier_league,FA_Premier_league,FA_premier_League,Premier_league_football,English_Premier_Division,Premier_League_Football,English_premiership,Barclaycard_Premiership,English_highest_football_division,English_Premier_League_relegation,FA_Barclaycard_Premiership,FA_Carling_Premiership,FA_PL,Fa_premier,FA_premier_league,Fa_premier_league,FA_PREMIERLEAGUE,FA_PremierLeague,FAPL,Men's_Premier_League,Prem_League,Premeir_League,Premier_league,Premierleague,Premierleague.com,Premiership_football,The_premier_league,The_premiership
63,Juventus,Juventus_F.C.,Juventus_F.C.,Juventus_F.C.,Juventus,Juventus_FC,Juventus_F.C,Juventus_Football_Club,Juventus_Turin,FC_Juventus,F.C._Juventus,Bianconeri,Juventus_Torino,F.c_juventus,Fc_juventus,Iuventus,Juve,Juventus_F._C.,Juventus_f.c,Juventus_F_C,Juventus_fc,Juventus_football_club,La_Vecchia_Signora
63,hands,Hands_(The_Ting_Tings_song),hands,Hands_(The_Ting_Tings_single),Hands_(the_ting_tings_single)
63,changing hands,change_hands#v#1,change_owners#v#1
63,came,come#v#1,come_up#v#3,come,come_up
63,came to,come_to#v#4,revive#v#5,resuscitate#v#2,come_to
63,changing,change#v#2,change,change,change
63,lira,lira#n#1,Maltese_lira#n#1,Maltese_lira,Maltese_lira,lira,Maltese_lira,Maltese_pound,Maltese_Pound,Malta_Lira,Malta_pound,Maltese_Lira,lira_(Malta)
