1,growing,grow#v#2,grow,grow,grow
1,prompted,prompt#v#3,remind#v#2,cue#v#1
1,uncertainty,uncertainty#n#1,uncertainness#n#1,precariousness#n#2,uncertainty,uncertainty,uncertainty,Standard_uncertainty,Concise_notation,Scientific_uncertainty,Uncertain,Uncertainity,Uncertanty
2,Bank,bank#n#1,bank_(geography),bank,bank,bank,streambank,River_bank,streambank,River_banks,Stream_banks,Streamside,Streambanks,Stream_side
2,rose,rise#v#1,lift#v#4,arise#v#5,move_up#v#2,go_up#v#1,come_up#v#6,uprise#v#6,rise,rise
3,new,new#a#1,new,new
3,sharply,aggressively#r#1,sharply#r#1,aggressively,aggressively,sharply
3,ends,goal#n#1,end#n#4,goal,Intrinsic_value_(ethics),goal,Intrinsic_value,goal,end,goal,goal,goal,End_in_itself,End-in-itself,Intrinsic_good,Ends-in-themselves,Terminal_value_(philosophy),Ultimate_importance,Short-term_goal,Primary_objective,Total_intrinsic_value,Principle_value,Chief_good,Inherent_worth,Intrinsic_bi-ism,Long-term_goal,Essential_value,Intrinsic_worthiness,Long_term_goal,Meta-value,Monistic_life_stances,Multistic_life_stances,Multistic_lifestance,Negative_intrinsic_value,Personal_achievement,Short_term_goal,Value_in_life,end_(ethics),goal_(management),Object_(task)
3,jitters,jitters#n#1,heebie-jeebies#n#1,screaming_meemies#n#1
4,cut,cut#v#1,cut,cut,cut,cut,cut
4,rate,rate#n#1,rate_(mathematics),Rate,rate
4,intervention,intervention#n#1,intercession#n#2,intervention,intercession,intervention
5,trading,trade#v#2,trade_in#v#1,trade,trade_in
5,ended,end#v#4
5,European,European#n#1,European,European
6,Friday,Friday#n#1,Fri#n#1,Friday,Friday,Friday,Friday,Thank_Goodness_It's_Friday,Parasceve,Friday_the_12th,Frigg's_Day,Frigg's_day,Fryeeday,Prosabbaton,Prosábbaton,TGIFF
6,pfennig,pfennig#n#1,pfennig,pfennig,pfennig,₰
6,nearly,about#r#7,almost#r#1,most#r#3,nearly#r#1,near#r#2,nigh#r#2,virtually#r#2,well-nigh#r#1,almost,nearly,virtually,almost,nearly,virtually
6,slipped,slip#v#2
6,compared,compare#v#1,compare,compare,compare
7,effect,effect#n#3
7,depressing,depress#v#1,deject#v#1,cast_down#v#1,get_down#v#5,dismay#v#1,dispirit#v#1,demoralize#v#2,demoralise#v#2,depress
8,late,late#a#1,belated,delayed,late,lated,tardy,late,lated
8,dealings,dealings#n#1,traffic#n#4
8,marks,marker#n#2,marking#n#1,mark#n#2,mark
8,European,European#n#1,European,European
9,newspaper,newspaper#n#1,paper#n#3,newspaper,newspaper,daily,daily_newspaper,evening_newspaper,evening_paper,gazette,newspaper,newspaper,Newspapers,daily_newspaper,Newspapers,Local_newspaper,National_newspaper,News_paper,evening_paper,Illustrated_newspaper,Print_news_media,Newspaper_journalism,Daily_paper,Morning_paper,evening_newspaper,Newspaper_articles,Afternoon_newspaper,Microdaily,News_sheet,National_Newspaper,📰,Afternoon_paper,gazette,Gazettes,Morning_newspaper,News-sheet,newspaper,Newspaper_Reading,Sunday_newspaper_supplement
9,deputy,deputy#n#1,deputy_sheriff#n#1
9,weekend,weekend#n#1,Workweek_and_weekend,weekend,weekend,Work_week,Weekends,Five-day_work_week,Week-end,Five_day_work_week,Monday_to_Friday,Week-ends,Week_End,Week_ends,weekEnd,Weekend!,Weekend_off,Work-week,Work-weeks,Work_weeks,Working_weeks,Workweeks
9,come,come#v#1,come_up#v#3,come,come_up
9,come after,follow#v#6,come_after#v#1
9,interview,interview#n#1,interview,interview,interview,interview,Interviews,Interviewing,Interviewed,Interviewees,Interview_tips,Interviewers,Interviewy,Webcam_Interview
10,add,lend#v#1,impart#v#2,bestow#v#3,contribute#v#1,add#v#3,bring#v#8,add,bestow,bring,contribute,impart,lend,bestow
10,Swiss National Bank,Swiss_National_Bank,Swiss_National_Bank,Schweizerische_Nationalbank,National_Bank_of_Switzerland,Banca_nazionale_svizzera,Banca_Nazionale_Svizzera,Banca_Naziunala_Svizra,Banque_nationale_suisse,Banque_Nationale_Suisse,National_bank_of_Switzerland
10,high,high#a#1,high,high,high
10,Bank,depository_financial_institution#n#1,bank#n#2,banking_concern#n#1,banking_company#n#1,bank,bank,bank,bank,bank,depository_financial_institution,Bankers,Banking_system,Banking_industry,International_banking,Foreign_bank,Money_center_bank,Credit_institution,Banking_Business,ðŸ?¦,Credit_institutions,Credit_Institutions,Banking_and_credit,Banking_business,Banking_establishment,Banks_and_banking,Banks_and_Banking,Monetary_intermediation,Money-lenders,Money_center_banks,Money_Center_Banks,â›»
10,National,national#n#1,subject#n#7,national,national,subject
10,strengthened,strengthen#v#2,strengthen
10,National Bank,national_bank#n#1,national_bank,National_charter,National_banks,National_Association_(Banking),The_National_Bank,State-owned_bank,national_Bank,State-owned_lender
10,liquidity,fluidity#n#1,fluidness#n#1,liquidity#n#2,liquidness#n#2,runniness#n#1
10,Swiss,Swiss#n#1,Swiss_people#n#1,Swiss_people,Swiss_people,French_Swiss,Swiss,Swiss,Swiss,Swiss_(people),Swiss_Germans,Swiss_(nationality),French_Swiss,Swiss-Italian,Italian_Swiss,Fifth_Switzerland,Emigration_from_Switzerland,Alemannic_Swiss,Swiss_Italians,French-speaking_Swiss,Italian-speaking_Swiss,Swiss_German_people,Fifth_switzerland,German-speaking_Swiss,German_speaking_Swiss,Romands,Romansh-speaking_Swiss,Rumantsch_people,Swiss_expatriate,Swiss_French_people,Swiss_German_speakers,Swiss_identity,Swiss_Italian_people,Switzers
11,want,desire#v#1,want#v#1,want,want
11,revision,rewrite#n#1,revision#n#3,rescript#n#4,revision_(writing),revision,revision,rewrite
12,consider,think#v#1,believe#v#2,consider#v#6,conceive#v#2,account,believe,deem,esteem,guess,hold_in_opinion,imagine,judge,opine,reckon,regard,suppose,think,think,consider,deem,judge,think
12,possibility,hypothesis#n#2,possibility#n#3,theory#n#2,hypothesis,theory,hypothesis,theory,hypothesis,hypothesis,theory,hypothesis,theory,Hypotheses,Theoretical,Theories,Scientific_hypothesis,Hypothesized,Theoretical_model,Hypothesize,Hypothetically,Theoretical_approach,Theoretic,Hypothesizing,Theorized,A_theory_of,Alternative_Theories,Alternative_theory,Hypotheses,Hypothesi,Hypothesism,Hypothesist,Hypothesists,Hypothesizer,Hypothesizers,Hypothesizes,Hypotithenai,Idealogues,Scientific_question,Theoretical,Theories,theorist,Theorists,Theory-based_model,Theory_and_practice,Theory_of,To_put_under,Ὑπόθεσις
13,important,crucial#a#1,important#a#3,important
13,reference,reference#n#6,denotation#n#2,extension#n#7,extension_(semantics),denotation,denotation_(semiotics),denotation,Extension,denotation,denotation,Denote,Denotative,Denotative_meaning,Connotative_meaning,Denotat,Denoted,denotation_(Semiotics)
13,monetary,monetary#a#1,pecuniary#a#1,monetary,pecuniary,monetary,pecuniary
13,regarded,involve#v#1,affect#v#3,regard#v#3
13,formulating,explicate#v#2,formulate#v#1,develop#v#7,formulate
13,Wednesday,Wednesday#n#1,Midweek#n#1,Wed#n#1,Wednesday,Wednesday,Wednesday,hump_day,Wednesday,hump_day,Wednesdays,Hump_of_the_week,Wednesdayr,Wendesday,Wodan's_day,Woden's_Day,Wotan's_day,Woten's_Day
13,monetary policy,tight_money#n#1,monetary_policy,monetary_policy,monetary_policy,tight_money,Expansionary_monetary_policy,Contractionary_monetary_policy,Monetary_expansion,Monetary_policies,Expansionary_policies,Price_policy,Monetary_regime,Tight_money_policy,Monetary_contraction,Monetary_policy_of_central_banks,Unconventional_monetary_policy,Central_bank/Monetary_policy,Contractionary,Contractionary_policies,Goal_of_monetary_policy,Monetary_action,Monetary_management,monetary_Policy,Monetray_policy,Money_policy,Price_level_targeting,Tight_credit,tight_money
13,policy,policy#n#2,policy,policy,policy,Policies,Policy_making,Policy-makers,Policy_development,Official_Policy,Policies_and_Procedures,Policy_model,Policy-maker,Policy_cycle,Political_policy,Policies_and_procedures,Policy_Development,Policies,Policy_based,Policy_or_practice,Political_option,policy_(principle)
14,Japan,Japan#n#2,Nippon#n#1,Nihon#n#1,Japan,Japan,Japan,State_of_Japan,Japan,Nippon,Japan,Japan,Nihon,Nippon,State_of_Japan,The_State_of_Japan,JPN,Japan_(country),Administrative_divisions_of_Japan,🗾,日本,Subdivisions_of_Japan,Ilbon,Modern–era_Japan,Archipelago_of_Japan,Etymology_of_Japan,Hapan,ISO_3166-1:JP,Ja-pan,JapaN,JAPAN,Japanese,Japanese_financial_sector,Japang,Japao,Japian,Japoa,Jpan,Nihon-koku,Nippon-koku,Republic_of_Japan,Riben,Rìběn,Yilbon,日本国,日本國
14,change,change#v#1,alter#v#1,modify#v#3,alter,change,modify,alter,change
15,closed,close#v#4,close
15,closed down,close_up#v#1,close#v#3,fold#v#3,shut_down#v#1,close_down#v#1,close,close_down,close_up,fold,shut_down,fold,shut_down,shut_down
16,gaining,advance#v#12,gain#v#6
16,slightly,slightly#r#1,somewhat#r#1,more_or_less#r#2,a_bit,a_little,a_trifle,slightly,somewhat,a_bit,slightly,somewhat
16,hefty,brawny#a#1,hefty#a#1,muscular#a#4,powerful#a#4,sinewy#a#3,brawny,hefty,muscular,powerful,hefty,muscular,sinewy
16,as well,besides#r#2,too#r#2,also#r#1,likewise#r#2,as_well#r#1,also,as_well,likewise,too,also,as_well,besides,too
16,most European,European#n#1,European,European
16,European,Old_World_wine,Old_World_(wine),Old_World_wines,European_(wine),Old_world_wine,Europe_(wine),Old_world_(wine)
16,posting,post#v#1,post,post
16,gains,amplification#n#2,gain#n#3,gain,Audio_power_amplifier,audio_power_amplifier,gain,gain,gain,Power_amplifier,Voltage_gain,gain_(electronics),Current_gain,Gains,Signal_gain,gain_(electromagnetics),10_log_rule,Amplifier_Home_Audio,audio_Amplifier,GAIN,MIDI_gain,amplification_(audio)
16,French franc,French_franc#n#1,French_franc,French_franc,CFP_franc,franc,French_franc,French_francs,French_Francs,₣,New_franc,Old_franc,franc_(France),Andorran_franc,Franc_germinal,French_currency,Ancien_franc,French_Franc
16,French,French#n#1,French_language,French,French,French,French_(language),French-language,French-speaking,Modern_French,France_language,French_Language_in_India,French_speaking,Franca_lingvo,Francese,Franska,French_gaelic,French_l,French_Language,French_languge,French_vocabulary,French_words,French_words_and_phrases,French_Words_and_Phrases,FrenchLanguage,Idioma_francés,ISO_639:fr,ISO_639:fra,La_langue_française,Langue_francaise,Langue_française,LangueFrancaise,Français_(language),French_(langauge)
16,stronger,stronger
16,ended,end#v#4
16,franc,franc#n#1,franc,franc,Congolese_franc,franc,franc,Francs,French_franc_tmp
16,currencies,currency#n#1,currency,currency,currency,currency,means_of_exchange,currency,currency,currency,Currency,foreign_currency,Currencies,Foreign_currency,means_of_exchange,Coin_of_the_realm,Curency,Currancy,Currency_transfer_rules,Market_currency
17,finished,complete#v#1,finish#v#1,complete,conclude,finish,complete,conclude,finish
17,points,point#n#1,point,point
18,depressed,depress#v#1,deject#v#1,cast_down#v#1,get_down#v#5,dismay#v#1,dispirit#v#1,demoralize#v#2,demoralise#v#2,depress
18,weaker,weaker
18,London,London#n#1,Greater_London#n#1,British_capital#n#1,capital_of_the_United_Kingdom#n#1,London,Greater_London,Greater_London,London,London,Greater_London,London,London,Greater_London,London,_England,London,_United_Kingdom,London,_UK,London_UK,London_England,London's,Londra,London,_Great_Britain,London,England,Greater_London,_England,London,_U.K.,London_(region),The_Metropolis,London_area,Southwest_London,London_(England),Capital_of_England,Climate_of_London,capital_of_the_United_Kingdom,London_(United_Kingdom),London,_England,_United_Kingdom,London_weather,Capital_of_the_UK,Ceremonial_country_of_Greater_London,City_of_London,Climate_in_London,Climate_of_london,County_of_Greater_London,England_London,GBLON,Greater_London_administrative_area,Greater_London_ceremonial_country,Greater_London_county,Greater_London_Region,Greater_London_region,Leondeon,Llundain,Lodnon,LONDON,London,_Britain,London,_england,London,_England,_UK,London,_Greater_London,London-on-Thames,London_Britain,London_england,London_Region,London_region,Londonise,Londonize,Londonshire,Londontown,Londyn,Londýn,Lundein,Lundunir,Lundúnir,The_metropolis,UN/LOCODE:GBLON,United_Kingdom/London,Weather_in_London,Wongdon,London_(Britain),London_(Great_Britain),London_(UK)
18,dollar,dollar#n#1,dollar,dollar,dollar,Surinamese_dollar,dollar,Dollars,$1_bills,$1_bill,$1_Bill,$1_note,1_buck,1_dollar,Dolar,DOLLAR,KÄ?lÄ?,One_buck,One_Dollar
19,morgue,morgue#n#1,mortuary#n#1,dead_room#n#1,morgue,morgue,morgue,mortuary,mortuary,Morgues,Rose_cottage,Waiting_mortuary
