1,launch,LAUNCH_Media,LAUNCH_Media,LAUNCH_(magazine),Launch_CD,Launch_CD-ROM,LAUNCH_media
1,Internet,internet#n#1,net#n#1,cyberspace#n#1,Internet,cyberspace,cyberspace,Internet,computer_network,Internet,internet,net,network,cyberspace,Internet,Internet,cyberspace,Internet,internet,The_Internet,Internet-based,Internet_Directory,Public_Internet,Infonaut,Interweb,International_network,Global_Information_Infrastructure,Internet_blackout,Global_information_infrastructure,Net_culture,Internet_disruption,cyberspace,Digital_Highway,Facts_about_the_internet,I-net,Intarnut,Intarwebs,Inter-net,Inter-Net,Inter_net,Inter_Net,Interlec,InterNet,INTERNET,Internet_cutoff,Internet_failure,Internet_loss,Internet_outage,Internet_shutdown,Internett,Interpersonal_computing,Interwebz,Intrernet,Intternett,Intternnett,Itnernet,Misuse_of_the_Internet,Net_cultures,Public_concern_over_the_Internet,Significant_Internet_event,Significant_Internet_events,The_e-net,The_international_network,The_internet,The_Way_the_Internet_is_used_or_abused,TheInternet,Web_vs._Internet,Worldwide_internet
1,affiliate,affiliate#n#1,constituent
2,stake,interest#n#5,stake#n#1
2,major,major#a#1
3,elaborate,elaborate#v#1,lucubrate#v#1,expatiate#v#1,exposit#v#2,enlarge#v#4,flesh_out#v#2,expand#v#6,expound#v#1,dilate#v#2,elaborate,expatiate
3,declined,decline#v#4,go_down#v#3,wane#v#1,decline
3,size,size#n#1,size
3,investors,investor#n#1,investor,investor,investor,investor,Investors,Investor_protection,Invester
4,news,news#n#2,news,news,news,news,news,Current_events,News_report,Current_Issues_and_Events,Newsworthy,The_News,American_current_events,Australian_current_events,Australian_Current_Events,British_and_Irish_current_events,Currentevents,New_Zealand_current_events,News-crammed,News_crammed,news_media,Newses,Odd_news,United_States:Current_Events,United_States_current_events
4,conference,conference#n#3,group_discussion#n#1
4,news conference,press_conference#n#1,news_conference#n#1,news_conference,news_conference,news_conference,press_conference,news_conference,press_conference,Press_conferences,Joint_press_conference,Press_briefing,U.S._Presidential_news_conference,Media_conference,U.S._presidential_news_conference
4,planned,plan#v#1,be_after#v#1,be_after,plan,plan
5,viewable,viewable#a#1,viewable
5,host,host#n#1,Maître_d'hôtel,Maître_d'hôtel,host,maître_d',maître_d',Maitre_d',Maître_d’hôtel,Maître_d’,Maître_d'hotel,Maitre_d'hotel,Head_waiter,Head_Waiter,Maitre_d,Maitre_D',Maitres_d',Maitres_d'hotel,Maitresse_d',Maitresse_d'Hotel,Maitresses_d',Maitresses_d'Hotel,Matradee,Maître_d,Maîtres_d',Maîtresse_d',Maîtresse_d'Hotel,Maîtresses_d',Maîtresses_d'Hotel,host_(restaurant),Hostess_(restaurant)
6,Justice,justice#n#1,justness#n#2,justice,justice_(virtue),justice,justice,justice,justice,Civil_justice,Injustices,Theory_of_justice,Virtue_of_justice,Condemn,Condemnation,Condemned,Condemns,Fair_share,Judicial_measures,Just,Justest,Justice_deity,Justification,Justified,Justify,Justly,Justly,Legal_justice,Righteous_revenge,Utilitarian_justice,Utilitarian_Justice
6,Department,department#n#1,section#n#12,United_States_federal_executive_departments,United_States_federal_executive_department,department,Dept,United_States_Federal_Executive_Department,Federal_executive_department,Executive_Department,Departments_of_State,Executive_departments,Executive_Departments,Federal_executive_departments,United_states_departments,United_States_departments,United_States_executive_departments,United_States_federal_executive_department,United_States_Federal_Executive_Departments,United_States_Federal_executive_departments,United_States_national_executive_departments,US_Executive_Departments,department_(US_government)
6,Justice Department,Department_of_Justice#n#1,Justice_Department#n#1,Justice#n#4,DoJ#n#1,United_States_Department_of_Justice,United_States_Department_of_Justice,DOJ,U.S._Department_of_Justice,U.S._Justice_Department,US_Department_of_Justice,United_States_Justice_Department,US_Justice_Department,U.S._Dept._of_Justice,Justice_Department_(US),Justice_Department_(United_States),Department_of_Justice_(United_States),U._S._Department_of_Justice,Office_of_the_Federal_Detention_Trustee,USA_Department_of_Justice,Justice.gov,OFDT,U.S._Justice,United_States_Department_Of_Justice,United_States_Dept._of_Justice,US_DOJ,US_justice_department,USDJ,USDOJ
6,asked,ask#v#2,ask
7,technology,engineering#n#2,engineering_science#n#1,applied_science#n#1,technology#n#2,engineering,technology,applied_science,Engineering_physics,applied_science,engineering,Engineering_physics,technology,applied_science,engineering,technology,engineering,technology,technology,Technologies,Technological,engineering_Science,engineering_science,Applied_sciences,Applied_Sciences,Applied_technology,Modern_technology,Engineered,Physics_Engineering,Industrial_scientist,Practical_science,Technical_science,Instrumental_science,Technology_systems,Technology_butler,Mechanical_and_Aeronautical_Engineering,Engineering_Science_and_Mechanics_(ESM),Technologically,applied_Science,Engeneering,engineer,Engineerig,Engineering_Physics,Engineers,Enginering,Enginreeing,Graduate_Diploma_in_Engineering,Infant_new_technology,Nontechnological,Nontechnologically,Physikalische_Technik,Technical,Technocology,Technological,Technological_level,Technologically,Technologies,technologY,Technology_system,Techonology,تکنولوژی,engineering_(practice),engineering_(profession),engineering_(skill)
7,kept,continue#v#1,go_on#v#1,proceed#v#5,go_along#v#2,keep#v#2,continue,go_along,go_on,keep,proceed,keep,go_on
8,Navigator,navigator#n#2,navigator,navigator,navigator,plotter,Navigators,Navigation_officer,Nautonnier,plotter_(navigator)
8,bring,bring#v#2
8,Netscape Navigator,Netscape_Navigator,Netscape_Navigator,Fortify_(Netscape),Mosaic_NetScape,Mosaic_Netscape,Netscape_Constellation,Netscape_navigator,Netscape_Navigator4.0,Netscape_Navigator_4,Netscape_Navigator_4.0,Netscpae_Navigator,Nutscrape_Nukevator,Tech-Sense,Tech-Sense_Pty._Ltd.
8,platform,platform#n#1,platform,platform
9,more than,more#a#1,more_than#a#1
9,devices,device#n#2
9,consumers,consumer#n#1,consumer,consumer,consumer,consumer,Consumers,End_consumer,Consumer_market,Creative_consumers,Creative_Consumers,Electric_consumer
9,businesses,business#n#1,concern#n#5,business_concern#n#1,business_organization#n#1,business_organisation#n#1,Companies_law,concern,Company_Law,business_organisation,business_Organisation,Business_organizations_law,Business_form,Business_organisations,Business_Organisations,Forms_of_ownership,Types_of_business_units
9,potentially,potentially#r#1
10,gained,acquire#v#5,win#v#2,gain#v#2,earn,gain,earn,gain
11,market,market#n#1,marketplace#n#1,market_place#n#2,market_(economics),market,global_market,market,marketplace,world_market,marketplace,Markets,global_market,Cattle_market,Market_size,Market_volume,Indoor_market,Economic_Market,Economic_market,Market_Types,Types_of_markets
11,dominates,dominate#v#2,dominate
12,improperly,improperly#r#1
12,inducements,inducement#n#2,inducing#n#1
13,countered,counter#v#1,counter
13,complaints,complaint#n#4,complaint,complaint,complaint,Complaints,Criminal_complaint,Amended_complaint,Cross-complaint,Complaints,Complain,complaint_(law),Formal_complaint,Bitching,Carped,Carpers,Carping,Complain,Complained,Complainer,Complainers,Complaining,Complaining,Complains,complaint,Fussed,Fusser,Fussers,Fusses,Fussing,Fussingly,Grumbling
13,denied,traverse#v#3,deny#v#6,traverse
14,transforming,transform#v#1,transform,transform
14,way,way#n#4
15,transform,transform#v#1,transform,transform
15,people,citizenry#n#1,people#n#2,citizenry,citizenry,citizenry
15,way,custom#n#1,usage#n#2,usance#n#3,custom_(law),Custom,custom,habit,manner,practice,praxis,usage,use,way,wont,custom,usage,usance,wont,Customary_law,Customary_Law,Consuetudinary_law,Customary_court,Legal_custom,Coutoumier,Custom_law,Early_customary_law,Customary_rights,Customary_courts,Unofficial_law
16,extend,extend#v#4,offer#v#11
16,based,base#v#2
17,address,cover#v#5,treat#v#4,handle#v#3,plow#v#2,deal#v#1,address#v#8
17,range,scope#n#1,range#n#1,reach#n#2,orbit#n#3,compass#n#2,ambit#n#1,range_(music),Range,ambit,range,scope,tessitura,ambit,compass,orbit,Playing_range,Pitch_range,Musical_range,Designated_range,Instrument_range
18,electronics,electronics#n#1,electronics,electronics,electronics,Electronic_device,Electronic_devices,Electronic_system,Electronic_technology,Electronically,Electronic_product,Electronic_company,Electronic_Equipment,Electronics_Industry,Electronics_Science,Elektronics,Eletronics,Xxx_xxx
18,consumer electronics,Consumer_electronics,consumer_electronics,Consumer_electronic,Home_electronics,Electronics_store,Electronic_goods,Consumer-electronics,Consumer_Electronic,Consumer_Electronics
18,leading,lead#v#3
18,working,work#v#1,work,work,work
18,consumer,consumer#n#1,consumer,consumer,consumer,consumer,Consumers,End_consumer,Consumer_market,Creative_consumers,Creative_Consumers,Electric_consumer
19,existing,exist#v#1,be#v#4,exist,be,exist,be,exist,exist
19,work,work#v#1,work,work,work
19,Internet,internet#n#1,net#n#1,cyberspace#n#1,Internet,cyberspace,cyberspace,Internet,computer_network,Internet,internet,net,network,cyberspace,Internet,Internet,cyberspace,Internet,internet,The_Internet,Internet-based,Internet_Directory,Public_Internet,Infonaut,Interweb,International_network,Global_Information_Infrastructure,Internet_blackout,Global_information_infrastructure,Net_culture,Internet_disruption,cyberspace,Digital_Highway,Facts_about_the_internet,I-net,Intarnut,Intarwebs,Inter-net,Inter-Net,Inter_net,Inter_Net,Interlec,InterNet,INTERNET,Internet_cutoff,Internet_failure,Internet_loss,Internet_outage,Internet_shutdown,Internett,Interpersonal_computing,Interwebz,Intrernet,Intternett,Intternnett,Itnernet,Misuse_of_the_Internet,Net_cultures,Public_concern_over_the_Internet,Significant_Internet_event,Significant_Internet_events,The_e-net,The_international_network,The_internet,The_Way_the_Internet_is_used_or_abused,TheInternet,Web_vs._Internet,Worldwide_internet
19,content,content#n#1,content
19,enhance,enhance#v#1,heighten#v#3,raise#v#13
20,Navigator,navigator#n#2,navigator,navigator,navigator,plotter,Navigators,Navigation_officer,Nautonnier,plotter_(navigator)
20,working,work#v#1,work,work,work
20,Netscape Navigator,Netscape_Navigator,Netscape_Navigator,Fortify_(Netscape),Mosaic_NetScape,Mosaic_Netscape,Netscape_Constellation,Netscape_navigator,Netscape_Navigator4.0,Netscape_Navigator_4,Netscape_Navigator_4.0,Netscpae_Navigator,Nutscrape_Nukevator,Tech-Sense,Tech-Sense_Pty._Ltd.
21,new,new#a#1,new,new
21,new company,Brabantsche_Compagnie,Brabantsche_Compagnie,Nieuwe_Brabantsche_Compagnie,Brabant_Company,New_Company,New_Company_for_Voyages_to_East_India
21,company,company#n#1,company,company,company,concern,corporation,enterprise,firm,partnership,venture,firm,company_(law),Companies,Registered_company,Incorporated_company,And_co.,And_company,And_sons,Campany,Cmpany,Comapnies,Comapny,Compagnie,Compagnies,Compnay,Registered_Companies,Your_company,„?á,company_(legal)
21,formed,form#v#1,organize#v#1,organise#v#2,form
22,president,president#n#1,Presidents
23,senior,senior#a#1
23,vice president,vice_president#n#1,V.P.#n#1,vice_president,vice_president,vice_president,VP,Vice-president,Vice-President,Executive_Vice_President,Senior_Vice_President,Deputy_President,VP,Vicepresident,Vice_presidents,Vice_president_in_charge_of_hiring,Executive_vice-president,Vice_presidency,Vice-presidents,Senior_vice-president,Deputy_managing_director,Deputy_president,Deputy-president,Junior_Vice_President,Senior_Executive_Vice_President,Senior_Vice-president,V_P,Vice-Presidency,Vice-presidential,Vice_pres.,Vice_Pres.,Vice_Presidency,vice_President,Vice_President_in_Charge_of_Hiring,Vice_President_of_Salisbury_University,VP_of_Corporate_Development
23,vice,vice#n#2,vice,vice,vice,vice,Vices,Vice_unit,Vices,Vice_Unit,Vice_cop,Morality_squad,Morality_squads,Morality_unit,Morality_units,vice,Vice_squads,Vice_units
23,previously,previously#r#1,antecedently#r#1,before,earlier,previously,antecedently,before,earlier,previously
23,senior vice president,senior_vice_president#n#1,senior_vice_president
23,president,president#n#1,Presidents
24,more than,more#a#1,more_than#a#1
24,reached,achieve#v#1,accomplish#v#2,attain#v#1,reach#v#5,accomplish,achieve,attain,reach,reach
24,users,exploiter#n#1,user#n#2,user
25,similar,similar#a#1
25,software,software#n#1,software_program#n#1,computer_software#n#1,software_system#n#1,software_package#n#1,package#n#3,software,Modular_programming,software_system,modular_programming,software,software_system,computer_program,program,software,software_program,computer_program,package,softography,software,software,module,pack,package,package,software,software,software_package,computer_software,Module_(programming),Modularity_(programming),software_program,Software_systems,Software_technology,Unit_(Software_Development),Networked,Scientific_software,Modular_(programming),Software_Technology,Shrinkware,Module_system,Scientific_Software,computer_Software,Softwares,Software_Systems,software_package_(programming),softography,Code_Factoring,Code_factoring,ComputerSoftware,Editing_software,Modular_software,Networked_software,Old_software,Out_of_date_software,Outdated_software,Problems_of_unmaintained_software,Problems_with_old_software,SOFTWARE,Software.,Software_&_Programming,Software_&_programming,Software_and_Programming,The_software,Scientific_software_(free),Scientific_software_(non_free)
25,Redmond,Redmond,_Washington,Redmond,Redmond,_Washington,Redmond,_WA,City_of_Redmond,Redmond,_Wa,UN/LOCODE:USXLC
25,software company,software_company
25,company,company#n#1,company,company,company,concern,corporation,enterprise,firm,partnership,venture,firm,company_(law),Companies,Registered_company,Incorporated_company,And_co.,And_company,And_sons,Campany,Cmpany,Comapnies,Comapny,Compagnie,Compagnies,Compnay,Registered_Companies,Your_company,„?á,company_(legal)
26,tried,test#v#1,prove#v#5,try#v#2,try_out#v#1,examine#v#5,essay#v#2,try,prove,try,try_out
26,install,install#v#1,instal#v#1,put_in#v#4,set_up#v#9
26,versions,version#n#1
