1,profit,profit_(economics),profit,profit,Economic_profit,Normal_profit,Excess_profit,Normal_profits,Economic_profitability,Economic_profits,Abnormal_profit,Supernormal_profits,Abnormal_profits,Economic_Profit,Elements_of_economic_profit,Excess_profits,Excessive_profit,Excessive_profits,Monopolistic_profit,Normal_economic_profit,Normal_Profit,Personal_gain,Subnormal_profit,Supernormal_profit
1,posted,post#v#7,carry#v#28,carry
2,dropped,drop#v#1,drop,drop,drop
2,percent,percentage#n#1,percent#n#1,per_centum#n#1,pct#n#1,percentage,percentage,percent,percentage,percent,percentage,PCT,percent,Per_cent,Percentages,Centigraph,Per_cent.,per_centum,Procent
3,hit,hit#v#1
3,subsidised,subsidize#v#1,subsidise#v#2
3,airlines,airline#n#2,airline_business#n#1,airway#n#4,airline,airline,airline,air_carrier,airline,Airlines,air_carrier,Commercial_airline,Airline_industry,Scheduled_air_transport,Scheduled_airline,Airline_company,Scheduled_air_carriers,Commercial_flights,Airline_flights,Air_carriers,Airline_companies,Commercial_air_transport,Flight_company,Passenger_aeroplane,The_Airline
3,flood,flood#n#1,inundation#n#1,deluge#n#3,alluvion#n#2,flood,flood,alluvion,flood,flooding,inundation,overflowing,flood,floodwater,inundation,overflowing,flood,flooding,Floods,inundation,floodwater,Flooded,River_flood,Riverine_flood,Inundate,Bankfull_discharge,Cataclysmus,Flood_Damage,Flood_disaster,Flooder,Flooders,Inundated,flood_(hydrology)
4,rose,surface#v#1,come_up#v#4,rise_up#v#1,rise#v#5,rise_up
4,marks,mark#n#4,print#n#3,print
5,contributed,contribute#v#3,lead#v#9,conduce#v#1
5,advance,improvement#n#1,betterment#n#1,advance#n#2
6,Air,air_travel#n#1,aviation#n#4,air#n#9,aviation,air_travel,air_travel,aviation,air_transportation,aviation,aviation,aviation,Air_transport,air_transportation,Air_Transport,Modern_aviation,Air_Transport_Industry,Aerial_transportation,AirTransport,flight,Flying,Modern_Aviation
6,France,France#n#1,French_Republic#n#1,France,France,France,France,France,France,French_Republic,Republic_of_France,People_of_France,République_française,Frankreich,Climate_of_France,France_(country),Frakkland,La_République_francaise,Franse,Belle_France,Carcassonne,Etymology_of_France,Fracne,FRance,FRANCE,FrancE,Franciaorszag,Franciaország,ISO_3166-1:FR,La_France,La_Republique_francaise,La_Republique_française,La_République_française,Le_France,Purangsu,Ranska,Republic_of_france,Republique_francaise,Republique_française,République_francaise,The_French_Republic,The_Republic_of_France
6,Air France,Air_France,Air_France,Air_France_Cargo,Société_Air_France,Airfrance,Air_France_Asie,Air_france,Air_France_and_cinema,Air_France_and_Cinema,Air_France_Cargo_Asie,Air_France_Emploi,Air_France_Flight_10,Air_France_GBI,Air_France_Holidays,Air_France_Industries,Air_France_U.S.A.,Air_France_US,Air_France_USA,Air_Frane,Airfrance-50ansdelhi.com,Airfrance-60ansnewyork.com,Airfrance-80ansaeropostale.com,Airfrance.ae,Airfrance.am,Airfrance.at,Airfrance.be,Airfrance.bf,Airfrance.bg,Airfrance.bj,Airfrance.bz,Airfrance.ca,Airfrance.cd,Airfrance.cf,Airfrance.cg,Airfrance.ch,Airfrance.ci,Airfrance.cl,Airfrance.cm,Airfrance.cn,Airfrance.co.cr,Airfrance.co.id,Airfrance.co.il,Airfrance.co.jp,Airfrance.co.kr,Airfrance.co.ma,Airfrance.co.uk,Airfrance.co.za,Airfrance.com,AirFrance.com,Airfrance.com.ar,Airfrance.com.au,Airfrance.com.bh,Airfrance.com.br,Airfrance.com.cn,Airfrance.com.co,Airfrance.com.do,Airfrance.com.gt,Airfrance.com.hk,Airfrance.com.jo,Airfrance.com.kw,Airfrance.com.lb,Airfrance.com.mx,Airfrance.com.my,Airfrance.com.ng,Airfrance.com.ni,Airfrance.com.pa,Airfrance.com.qa,Airfrance.com.sa,Airfrance.com.sv,Airfrance.com.sy,Airfrance.com.tr,Airfrance.com.tw,Airfrance.com.uy,Airfrance.com.ve,Airfrance.cu,Airfrance.cz,Airfrance.de,Airfrance.dj,Airfrance.dk,Airfrance.dz,Airfrance.es,Airfrance.fi,Airfrance.fr,Airfrance.ga,Airfrance.gf,Airfrance.gp,Airfrance.gr,Airfrance.hn,Airfrance.hr,Airfrance.hu,Airfrance.ie,Airfrance.in,Airfrance.ir,Airfrance.it,Airfrance.jp,Airfrance.lt,Airfrance.lu,Airfrance.lv,Airfrance.mg,Airfrance.mq,Airfrance.mr,Airfrance.mu,Airfrance.nc,Airfrance.net,Airfrance.nl,Airfrance.no,Airfrance.pf,Airfrance.ph,Airfrance.pl,Airfrance.pt,Airfrance.re,Airfrance.ro,Airfrance.rs,Airfrance.ru,Airfrance.sc,Airfrance.se,Airfrance.sg,Airfrance.si,Airfrance.sk,Airfrance.sn,Airfrance.tg,Airfrance.ua,Airfrance.us,Airfranceconsulting.com,Airfrancelasaga-lasaga75ans.com,Airfrancelasaga-lasagacinema.com,Airfrancelasaga-lasagapub.com,Airfrancelasaga.com,AirFranceUS,Compagnie_Nat'l_Air_France,Compagnie_Nationale_Air_France,Devenir_navigant_AF,Devenirnavigantairfrance.com,Flyairfrance.com,FlyAirFrance.com,Societe_Air_France,W3.airfrance.com
7,flights,flight#n#1,flight
7,extended,extend#v#4,offer#v#11
8,repeatedly,repeatedly#r#1
8,criticised,knock#v#6,criticize#v#1,criticise#v#1,pick_apart#v#1,criticise,criticize,knock,criticise,criticize,criticize
8,airlines,airline#n#2,airline_business#n#1,airway#n#4,airline,airline,airline,air_carrier,airline,Airlines,air_carrier,Commercial_airline,Airline_industry,Scheduled_air_transport,Scheduled_airline,Airline_company,Scheduled_air_carriers,Commercial_flights,Airline_flights,Air_carriers,Airline_companies,Commercial_air_transport,Flight_company,Passenger_aeroplane,The_Airline
8,rival,rival
9,unrealistic,unrealistic#a#1,unrealistic
9,sees,experience#v#1,see#v#21,go_through#v#1,experience,go_through,see
9,prices,price#n#3,cost#n#3,toll#n#2
10,distanced,distance#v#1
10,aggressive,aggressive#a#1
10,attempt,attempt#n#1,effort#n#1,endeavor#n#2,endeavour#n#2,try#n#1,attempt,try
11,terms,term#n#1
11,risk,risk#v#1,put_on_the_line#v#1,lay_on_the_line#v#1,risk,risk
11,sent,mail#v#2,post#v#11,send#v#3,post,mail,mail,post
11,worse,worse#a#1,worse
11,letters,letter#n#1,missive#n#1,letter_(message),letter,letter,missive,letter,missive,Thank_you_letter,Personal_letter,Informal_letter,Missives,Rejection_Letter
12,unauthorised,unauthorized#a#1,unauthorised#a#1,unauthorised,unauthorized
13,high,eminent#a#1,high#a#3
13,figure,figure#n#1,fig#n#1,figure
13,lose,lose#v#1
13,mark,marker#n#2,marking#n#1,mark#n#2,mark
14,priority,precedence#n#1,precedency#n#1,priority#n#1,priority,precedence,priority
14,top priority,Top_Priority,Top_Priority,Bad_Penny_(song)
15,cut,cut#v#1,cut,cut,cut,cut,cut
15,spending,spend#v#1,pass#v#10,pass,spend,pass,spend,pass,spend
15,pledged,pledge#v#2,subscribe#v#4,subscribe,subscribe,subscribe
15,budget,budget#n#1
16,planes,airplane#n#1,aeroplane#n#1,plane#n#1,airplane,airplane,aeroplane,airplane,bird,fixed-wing_aircraft,plane,airplane,plane,aeroplane,Airplanes,Aeroplanes,Planes,Air-plane,✈,Aero-plane,Aero-planes,Aero_planes,Aerplane,Air-planes,Air_plane,Air_planes,Airoplane,Powered_fixed-wing_aircraft,Æroplane,plane_(aircraft),plane_(aviation)
16,planned,plan#v#1,be_after#v#1,be_after,plan,plan
17,likely,likely#a#1,likely,probable,likely,probable,likely
17,sold,sell#v#1,sell,sell,sell
18,earnings,net_income#n#1,net#n#3,net_profit#n#1,lucre#n#2,profit#n#1,profits#n#1,earnings#n#1,profit_(accounting),net_income,net_profit,earnings,net_(economics),net,net_income,net_profit,profit_(accounting),earnings,lucre,net,net_income,net_profit,profit,profits,net_earnings,net_income,earnings,net_income,profit,Net_revenue,net_earnings,Accounting_profit,Net_pay,Bottomline,Profit_before_tax,I_minus_E_basis,Profit_After_Tax,Net_salary,I_minus_E,Operating_Profit,Net_earning,net_Income,Net_payment,net_Profit,Nett_revenue,PBIT,Profit_before_interest_and_tax,Profitably,Return_on_revenue,Return_On_Revenue
18,slump,depression#n#2,slump#n#2,economic_crisis#n#1,depression_(economics),depression,depression,depression_(economics),Economic_depression,slump_(economics),depression_(economic),Economic_depressions,Financial_panics,Economics_depression
18,said,state#v#1,say#v#1,tell#v#1,tell,say,tell,say,say,say,say,state
18,percent,percentage#n#1,percent#n#1,per_centum#n#1,pct#n#1,percentage,percentage,percent,percentage,percent,percentage,PCT,percent,Per_cent,Percentages,Centigraph,Per_cent.,per_centum,Procent
18,blamed,blame#v#1,fault#v#1,fault
19,Airways,airline#n#2,airline_business#n#1,airway#n#4,airline,airline,airline,air_carrier,airline,Airlines,air_carrier,Commercial_airline,Airline_industry,Scheduled_air_transport,Scheduled_airline,Airline_company,Scheduled_air_carriers,Commercial_flights,Airline_flights,Air_carriers,Airline_companies,Commercial_air_transport,Flight_company,Passenger_aeroplane,The_Airline
19,British,British#n#1,British_people#n#1,Brits#n#1,British_people,British_people,British,People_of_the_United_Kingdom,British_(people),Britishers,People_of_Britain,British_expatriate,British_heritage,British_ethnicity,British_descent,People_of_United_Kingdom,British_ancestry,British_emigrants,British_ex-pat_community,British_genealogy,British_immigrants,British_People,British_peoples,People_of_British_descent,People_of_Great_Britain
19,keep,continue#v#1,go_on#v#1,proceed#v#5,go_along#v#2,keep#v#2,continue,go_along,go_on,keep,proceed,keep,go_on
19,share,share#n#2,share_(finance),share,share,share,share,Shares,Public_shares,Share_of_stock,Share_tips,Votable_share
19,British Airways,British_Airways,British_Airways,Executive_Club,British_airways_lounges,British_Airways_Holidays,British_Airways_Express,Flight_Information_and_Control_of_Operations,British_Airways_Museum,British_Airways_plc,High_Life_(magazine),British_Airways_PLC,Ba.com,Baholidays.com,Bashares.com,British_Air,British_Airway_Group,British_airways,British_Airways_Ads,British_Airways_Club_World,British_Airways_Club_World_Business,British_Airways_Flight_Numbers,British_Airways_p.l.c.,British_Airways_Plc,British_Airways_Plc.,Britishairways.co.uk,Britishairways.com,Club_Europe,Club_World,Flight_information_and_control_of_operations,Speedbird_House
20,climbed,climb#v#2,climb
20,percent,percentage#n#1,percent#n#1,per_centum#n#1,pct#n#1,percentage,percentage,percent,percentage,percent,percentage,PCT,percent,Per_cent,Percentages,Centigraph,Per_cent.,per_centum,Procent
