1,rose,rise#v#1,lift#v#4,arise#v#5,move_up#v#2,go_up#v#1,come_up#v#6,uprise#v#6,rise,rise
2,stake,interest#n#5,stake#n#1
2,insurers,insurance#n#1,insurance,insurance,insurance,insurance_company,insurance,Insurance_companies,Insurance_industry,Insurers,Property_and_casualty,Private_insurance,Insurances,Business_insurance,Insurance_carrier,Funeral_insurance,Personal_property_and_casualty,Insurance_group,Insure,insurance_Company,Insurance_fund,Combined_ratio,Policy_holder,Insurance_claims_processing,Compulsory_insurance,Insurance_product,Types_of_insurance,Assurfinance,Hurricane_insurance,Insurance_event,Insurance_Industry,Insurence,Insures,Insuring,Media_Insurance,Policy-holder,Principle_of_insurance
2,increase,increase#v#1,increase
2,acquire,get#v#1,acquire#v#1,acquire,get,obtain,procure,procure,acquire
3,American,America#n#2,Americas,Americas_(terminology),Americas,Americas,America,Americas,America,Americas,Americas,The_Americas,American_continent,Naming_of_America,America_(continent),America_(name),Americas_(continent),North_and_South_America,American_Continent,Languages_of_the_Americas,Western_Continent,America_(terminology),American_supercontinent,Americas_Continent,Americas_terminology,Américas,Definitions_of_North_America_and_Northern_America,North,_Central,_and_South_America,North_Central_and_South_America,America_(region),America_(supercontinent),American_(continent),American_(supercontinent),Americas_(redirect),Americas_(supercontinent)
3,Travellers,Traveller_(role-playing_game),Traveller,Imperium_(Traveller),Traveller_(game),Traveller_(rpg),Classic_Traveller,MegaTraveller,Marc_Miller's_Traveller,Third_Imperium,Hiver,Aslan_(Traveller),Vilani_(Traveller),Ancient_(Traveller),Traveler_(role-playing_game),Traveller_(roleplaying_game),AI_Virus_(Traveller),Traveller_(role_playing_game),Dulinor,Humaniti,Major_race,Major_Race,Minor_race,Minor_Race,Solomani,Solomani_Confederation,Traveller:_The_New_Era,Traveller_aliens,Traveller_rpg,Ziru_Sirka
3,buy,buy#v#4
3,buy American,Buy_American_Act,Buy_American_Act,Buy_American,Buy-American_Restrictions,Buy_American_Act_of_1933,Buy-American_restrictions,Buy_American_Restrictions
3,American Travellers,Grumman_American_AA-5,Grumman_American_AA-5,American_General_AG-5B_Tiger,American_Aviation_AA-5_Traveler,Grumman_Cheetah,Grumman_AA-5_Tiger,Tiger_Aircraft_AG-5B_Tiger,Grumman_American_AA-5B_Tiger,Gulfstream_American_AA-5A_Cheetah,Grumman_American_AA-5_Traveler,Gulfstream_American_AA-5B_Tiger,Grumman_American_AA-5A_Cheetah,AA-5A,AA-5B,AA5_Traveller,AG-5B,AG-5B_Tiger,American_AA-5_Traveler,American_AA-5_Traveller,American_General_AG-5B,American_General_Tiger,American_Traveler,American_Traveller,Grumman_AA-5,Grumman_AA-5A,Grumman_AA-5B,Grumman_Traveler,Gulfstream_AA-5A,Gulfstream_AA-5A_Cheetah,Gulfstream_AA-5B_Tiger,Gulfstream_American_AA-5,Gulfstream_American_AA-5A,Gulfstream_American_AA-5B,Gulfstream_American_AA-5B_Cheetah,Gulfstream_American_Cheetah,Gulfstream_American_Tiger,Gulfstream_Cheetah,Gulfstream_Tiger,Tiger_AG-5B
3,agreed,agree#v#1,hold#v#35,concur#v#1,concord#v#4,agree,concur,agree,agree,assent,concord,concur,agree,concur
4,deal,deal#n#1,trade#n#4,business_deal#n#1,deal,trade
4,merge,unite#v#6,unify#v#5,merge#v#3,merge,merge,merge,combine
4,stock,stock#n#1,stock,stock,stock,Equities,Equity_securities,Stocks_and_shares,stock_(finance),Cash_equity,Equity_security,Stocks_and_Shares
4,agreed,agree#v#2,agree
5,lost,lose#v#1
6,rose,rise#v#1,lift#v#4,arise#v#5,move_up#v#2,go_up#v#1,come_up#v#6,uprise#v#6,rise,rise
7,buy,buy#v#1,purchase#v#1,buy,purchase,buy,purchase,buy,purchase,purchase
7,Medical,checkup#n#1,medical_checkup#n#1,medical_examination#n#1,medical_exam#n#1,medical#n#1,health_check#n#1,physical_examination,General_medical_examination,General_medical_examination,physical_examination,check-up,physical,physical_examination,checkup,clinical_examination,medical,physical,physical_examination,medical,medical_examination,Physical_exam,clinical_examination,check-up,Physical_examinations,Clinical_presentation,medical_exam,Medical_examinations,Physical_Diagnosis,Medical_exams,checkup,Annual_general_medical_examination,Annual_medical_examination,Executive_physicals,Health_Checkup,Health_examination,Health_examinations,physical_Examination
7,Medical Systems,Health_system,health_system,Health_care_system,Healthcare_system,Health_care_systems,Health_systems,Health_care_compared,Healthcare_systems,Medical_system,Health_care_in_comparison,Health_Care_System,Health_Care_Systems,Liberal_healthcare_system
7,IVAC,Infusion_pump,Infusion_pump,IV_pump,Infusion_pumps,Infusion_systems,IVAC,Osmotic_pump,Perfusor
7,Systems,system#n#1
8,really,actually#r#1,really#r#2,actually,as_a_matter_of_fact,even,in_fact,in_truth,indeed,as_a_matter_of_fact,in_fact,indeed,really
8,story,story#n#2
9,jumped,jump#v#3
10,jumped,jump#v#3
10,percent,percentage#n#1,percent#n#1,per_centum#n#1,pct#n#1,percentage,percentage,percent,percentage,percent,percentage,PCT,percent,Per_cent,Percentages,Centigraph,Per_cent.,per_centum,Procent
11,closed,close#v#4,close
11,percent,percentage#n#1,percent#n#1,per_centum#n#1,pct#n#1,percentage,percentage,percent,percentage,percent,percentage,PCT,percent,Per_cent,Percentages,Centigraph,Per_cent.,per_centum,Procent
12,stiff,stiff#a#1
12,recouped,recoup#v#1,reimburse#v#2
12,losses,losings#n#1,losses#n#1
13,jumped,jump#v#3
14,lost,lose#v#1
15,notes,note#n#1
15,two-year,biennial#a#1,two-year#a#1
15,sell,sell#v#1,sell,sell,sell
16,fell,fall#v#1,fall,fall,fall
16,points,Point_(geometry),point,point,Point_(mathematics),Point_(spatial),Point_(topology),0-simplex
17,lost,lose#v#1
18,slipped,slip#v#2
19,soared,hang_glide#v#1,soar#v#2,soar
20,executive,executive#n#1,executive_director#n#1,executive_director,Senior_management,executive_director,Senior_management,executive,executive,executive_(management),Management_team,Inside_director,Upper_management,Executive_team,Management_Team,Representative_director,executive_Director,Executive_directors,Upper_Management
20,chief executive,President_of_the_United_States#n#2,President#n#6,Chief_Executive#n#2,chief_executive
20,chief,chief#a#1,main#a#1,primary#a#3,principal#a#1,master#a#1,main,principal,main,master,principal
20,reported,report#v#2
20,chairman,president#n#4,chairman#n#1,chairwoman#n#1,chair#n#3,chairperson#n#1,chairman,chairperson,chair,chairman,chairperson,convenor,president,presider,chairman,chairperson,chairwoman,president,chair_(official),chairperson,Chairman_of_the_Board,Vice_Chairman,Executive_Chairman,Vice_chairman,Vice-chairman,chairwoman,Vice-Chairman,convenor,Executive_chairman,Deputy_chairman,Deputy_Chairman,chairman_(official),Non-executive_chairman,Chairmanship,Chairmen,Vice-chairperson,Board_chair,Chair_of_the_Board,chair_(officer),Chairing,Chair_Emeritus,Chairwomen,Chairm.,Chairman_Executive,Chairmanic,Chairpeople,Chief_Governing_Officer,Group_Chairman,Non_executive_chairman,Rotating_chair,Spokesman_of_the_board,Spokesperson_of_the_board,Spokeswoman_of_the_board,chairman_(version_2)
21,resigned,leave_office#v#1,quit#v#2,step_down#v#1,resign#v#2,resign,leave_office,quit,renounce,resign,step_down,vacate,resign,vacate,quit,resign,step_down
23,Shopping Network,Shopping_channel,Shopping_channel,Shopping_channels,Shopping_network,Shopping_networks,Home_shopping_channel
23,Home Shopping,Home_shopping,Home-shopping
23,buy,buy#v#1,purchase#v#1,buy,purchase,buy,purchase,buy,purchase,purchase
23,Network,network#n#1,web#n#4,network,network
23,Home Shopping Network,Home_Shopping_Network,Home_Shopping_Network,Ventana_Television,Home_Shopping_Club,Tina_Berry,Cornerstone_Brands,HSN_Inc.,HSN_Improvements,K28GG,K39DP
23,Shopping,shop#v#1
23,Home,dwelling#n#1,home#n#1,home#n#2,domicile#n#2,abode#n#2,habitation#n#2,dwelling_house#n#1,place#n#7,home,dwelling,dwelling,home,dwelling,home,home,house,abode,domicile,dwelling,habitation,home,house,place,home,Dwellings,Private_residence,Residences,abode,ðŸ?¡,Private_house,Dwelling_place,Homes,Homeward
23,agreed,agree#v#1,hold#v#35,concur#v#1,concord#v#4,agree,concur,agree,agree,assent,concord,concur,agree,concur
24,companies,company#n#1,company,company,company,concern,corporation,enterprise,firm,partnership,venture,firm,company_(law),Companies,Registered_company,Incorporated_company,And_co.,And_company,And_sons,Campany,Cmpany,Comapnies,Comapny,Compagnie,Compagnies,Compnay,Registered_Companies,Your_company,ã?‡,company_(legal)
24,reunify,reunify#v#1,reunite#v#2,reunify
