1,join,join#v#1,fall_in#v#3,get_together#v#4,fall_in,get_together,join,join
1,Goldman Sachs,Goldman_Sachs,Goldman_Sachs,Goldman_Sachs_Group,Goldman,_Sachs_&_Co.,Goldman_Sachs_International,Spear,_Leeds_&_Kellogg,Fabrice_Tourre,Benchmark_Asset_Management_Company_Private_Ltd,Goldman_Sachs_&_Co,Goldman_Sachs_Group_Inc.,The_Goldman_Sachs_Group,_Inc.,Goldman-Sachs,Abacus-2007AC1,Goldman,_Sachs,Goldman_Sachs_JBWere,Greg_Smith_(businessman),The_Goldman_Sachs_Group,Goldman_Sachs_Asset_Management,Whitehall_Street_Real_Estate_Funds,Goldman_Sachs,_Inc.,Goldman_Sachs_Group_Incorporated,J._Aron,Archon_Group,Goldman_Sachs_Group_Inc,Abacus2007-ac1,Abacus_2007-AC1,Archon_Capital,Archon_Hospitality,Archon_Residential,Archon_Retail,Avelo_Mortgage,Ayco,CEO_of_Goldman_Sachs,Fabulous_Fab,Goldman_sachs,Goldman_Sachs_Commercial_Mortgage,Goldman_Sachs_Company,Goldman_Sachs_Group,_Inc.,GOLDMAN_SACHS_GROUP,_INC.,_THE,GOLDMAN_SACHS_GROUP,_INC.,THE,Goldman_sachs_jbwere,Goldman_Saks,Government_Sachs,Great_vampire_squid_wrapped_around_the_face_of_humanity,Gsam,GSJBW,J._Aron_&_Co.,Spear,_Leeds,_&_Kellogg,Spear_Leeds_&_Kellogg/Troster_Singer,The_Goldman_Sachs_Group_Inc,The_Goldman_Sachs_Group_Inc.,Abacus_(deal)
1,Goldman,Goldman#n#1,Emma_Goldman#n#1,Emma_Goldman,Goldman,Emma_Goldman,Emma_Goldman,Red_Emma,Durruti_is_Dead,_Yet_Living,Emma_G,Emma_goldman,Goldman,_Emma
1,Sachs,Sachs
2,Fidelity,fidelity#n#1,fidelity,fidelity
2,mutual,common#a#3,mutual#a#1,mutual
2,diversified,diversified#a#1
2,tailored,tailor#v#1,orient#v#5,tailor
2,management,management#n#2,management,management,administration,direction,management,administration,management,Administration,manager,Business_management,Business_Management,Managers,Management_Studies,Managerial,Corporate_management,Management_studies,Administer,Department_Head,Enterprise_management,Managing,Management_strategy,Department_head,Management_theory,Management_skills,Managment,Action_management,Administration,Business_management_techniques,Career_management_skills,Department_of_Business_Management,Duty_manager,Effective_Management:,Management_levels,Managerial_functions,Managerial_levels,Manegement,Theory_of_management_philosophy,Thoery_of_management_philosophy
2,portfolio,portfolio#n#3,portfolio_(finance),portfolio,portfolio,Investment_portfolio,Financial_portfolio,Business_Portfolio,Alternative_Portfolio_Selection_models,Finance_Portfolio,Financial_portfolios,Portfolio_selection,_management,_and_performance
2,provides,supply#v#1,provide#v#1,render#v#2,furnish#v#1,furnish,furnish,provide,render,supply
2,investment,investing#n#1,investment#n#1,investment,investing,investment,investment,Investments,Capital_investment,investing,Invest,Property_investment,Capital_investments,Financial_investment,Foreign_investors,Invests,Invested,Economic_investment,Capital_Investment,Invest,Invested,investing,Investmant,Investment_contract,Investment_expert,speculation
2,investment management,Investment_management,Investment_management,Institutional_asset_management,Investment_managers,Investment_management_company,Fund_managers,Funds_management,Institutional_fund_management,Institutional_Fund_Management,Investment_Management,Professional_fund_manager
2,funds,fund#n#1,monetary_fund#n#1,fund
2,mutual funds,mutual_fund#n#1,mutual_fund
2,investors,investor#n#1,investor,investor,investor,investor,Investors,Investor_protection,Invester
3,asset allocation,Asset_allocation,Asset_allocation,Asset_class,Allocation_fund,Asset_Allocation,Asset_allocation_fund
3,Fidelity,fidelity#n#1,fidelity,fidelity
3,originate,originate#v#3
3,allocation,allotment#n#2,apportionment#n#1,apportioning#n#1,allocation#n#2,parceling#n#1,parcelling#n#1,assignation#n#2,apportionment_(politics),apportionment_of_seats,assignation,allocation,allotment,apportionment,assignation,Malapportionment,assignation,Apportioned_representation,Legislative_apportionment,Method_of_smallest_divisors
3,managed,oversee#v#1,supervise#v#1,superintend#v#1,manage#v#4,oversee,supervise,manage,supervise
3,helped,help#v#8
3,company,company#n#1,company,company,company,concern,corporation,enterprise,firm,partnership,venture,firm,company_(law),Companies,Registered_company,Incorporated_company,And_co.,And_company,And_sons,Campany,Cmpany,Comapnies,Comapny,Compagnie,Compagnies,Compnay,Registered_Companies,Your_company,ã?‡,company_(legal)
3,discipline,discipline#n#1,subject#n#3,subject_area#n#1,subject_field#n#1,field#n#4,field_of_study#n#1,study#n#6,bailiwick#n#2,discipline_(academia),academic_discipline,discipline,subject,academic_discipline,discipline,field,field_of_study,subject,discipline,academic_discipline,field_of_study,Academic_field,discipline_(specialism),Cross-disciplinary,Crossdisciplinarity,Research_field,discipline_(academic),Acadamic_discipline,Cross_disciplinary,Disciplinary_knowledge,Educational_discipline
3,asset,asset#n#1,plus#n#1,asset,asset,asset,plus,plus,asset,Assets,Total_assets,ASSETS,Business_asset,Definiton_of_asset,Financial_Asset,Total_Assets
4,Weed,weed#n#1,weed,weed,weed,weed,Weedy_species,Weed_Science,Death_weed,Lawn_weeds,WEED
4,Tuesday,Tuesday#n#1,Tues#n#1,Tuesday,Tuesday,Tuesday,Tues,Tuesday,Tuesdays,Day_of_Tīwaz,Martis_dies,Tiu's_Day,Tiw's_Day,Tiwes_daeg,Tiwes_dæg,Tue.,Tuefday,Twisday
5,newly,newly#r#1,freshly#r#1,fresh#r#1,new#r#1,freshly,new
5,Group,group#n#1,grouping#n#1,group,group,group,group_(sociology),group_(social)
5,Allocation,allotment#n#1,allocation#n#1
5,Asset Allocation,Asset_allocation,Asset_allocation,Asset_class,Allocation_fund,Asset_Allocation,Asset_allocation_fund
5,Allocation Group,Allocation_group,AG_(file_systems)
5,Asset,asset#n#1,plus#n#1,asset,asset,asset,plus,plus,asset,Assets,Total_assets,ASSETS,Business_asset,Definiton_of_asset,Financial_Asset,Total_Assets
5,heads,head#n#1,caput#n#2,head,head,head,caput,head,head,head_(anatomy),Cephalic,Heads,Cephalique,Kephalikos,Noddles
5,formed,form#v#1,organize#v#1,organise#v#2,form
6,division,division#n#1,division_(military),division,Infantry_division,Armored_division,Armoured_division,division_(military_unit),Military_division,Infantry_Division,Army_division,division_(army),Assistant_Division_Commander,Tank_division,Armoured_Division,NRA_Division,division_(Military)
6,head,head#n#1,caput#n#2,head,head,head,caput,head,head,head_(anatomy),Cephalic,Heads,Cephalique,Kephalikos,Noddles
6,involved,involve#v#1,affect#v#3,regard#v#3
6,funds,fund#n#1,monetary_fund#n#1,fund
