1,based,base#v#2
1,optimism,optimism#n#1
2,work,work#n#1
2,warned,warn#v#1,warn,warn,warn
3,legal status,legal_status#n#1,legal_status
3,added,add#v#1,add,add,associate,combine,join,unite,add,join,add
3,legal,legal#a#1,legal
3,status,status#n#1,position#n#5,status_(law),status,position,status,status,status,status,status,Personal_status
4,welcomed,welcome#v#1,welcome,welcome
4,idea,idea#n#1,thought#n#1,idea,idea,idea,thought,idea,Ideas,idea,Ideas,💡,Conceive_an_idea,Conceiving_an_idea,Good_idea,Having_an_idea,idea,Notion,Notions
5,EMI,EMI,EMI,EMI_Music,EMI_Group,EMI_Music_Canada,EMI_International,EMI_Publishing,EMI_Music_Group,Additive_Records,EMI_Italiana,EMI_Manhattan,EMI_Electronics,EMI_House,Electric_and_Musical_Industries_Ltd,EMI_Group_plc,EMI_Music_North_America,EMI_(company),E.M.I.,E.M.I._Records,Electric_&_Musical_Industries,Electric_&_Musical_Industries,_Ltd.,Electric_and_Musical_Industries,Electrical_and_Musical_Industries,EMI,_Ltd.,EMI,_UMG,EMI_Group_Ltd,EMI_Group_PLC,EMI_music,The_EMI_Group
5,stressed,stress#v#2,accent#v#2,accentuate#v#2,accent,accentuate,stress,accent,accentuate,stress
6,work,work#v#1,work,work,work
6,failed,fail#v#1,neglect#v#2,fail
7,central,central#a#2,central
7,known,known#a#1,known,known
7,rate,rate#n#1,rate_(mathematics),Rate,rate
7,holds,keep#v#1,maintain#v#1,hold#v#1,hold,keep,maintain,hold,keep
7,fixed,fasten#v#1,fix#v#2,secure#v#2,affix,attach,fasten,fix,hold_in_place,secure,fix,secure
7,bands,band#n#2,Musical_ensemble,band,band,band,band_(music),Musical_band,Music_ensemble,music_group,Solo_artist,Rock_bands,Music_band,Pop_band,Solo_project,Bar_band,Instrumental_ensemble,Pop_rock_band,group_(music),Solo_musician,Musical_ensembles,Four-piece,Section_leader,Solo_act,bandmember,Musical_groups,rock_Group,Solo-act,Solo-project,Soloproject
7,currencies,currency#n#1,currency,currency,currency,currency,means_of_exchange,currency,currency,currency,Currency,foreign_currency,Currencies,Foreign_currency,means_of_exchange,Coin_of_the_realm,Curency,Currancy,Currency_transfer_rules,Market_currency
8,operates,operate#v#1,run#v#4,operate,run
9,said,state#v#1,say#v#1,tell#v#1,tell,say,tell,say,say,say,say,state
12,business,commercial_enterprise#n#2,business_enterprise#n#1,business#n#2,business,business,business,business_enterprise,commercial_enterprise,business,nonbusiness,business,business,company,line-of-business,LOB,merchant,For-profit,Businesses,For_profit,commercial_enterprise,Business_science,For-Profit_Organization,Business_system,Business_systems,Business_and_industry,Business_risk,Business_and_economics,Business_Owner,Business_&_Enterprise,Business_structure,Buisness,Business_and_Industry,BusinessAndEconomics,BusinessAndIndustry,Businesses,Bussiness,Career_&_business,Career_business,Enterprise,Enterprises,Fundamental_business_concepts,National_business,nonbusiness
12,told,tell#v#2,tell,tell,tell
12,business group,business_group
12,group,group#n#1,grouping#n#1,group,group,group,group_(sociology),group_(social)
13,Monetary Union,Currency_union,currency_union,Monetary_union,Common_currency,Single_currency,Monetary_Union,Currency_bloc,Currency_Union
13,Economic,economy#n#1,economic_system#n#1,economy,economic_system,economic_system,economy,economic_system,economy,economy,economic_system,Economic,National_economy,Real_economy,Economic_systems,Economies,Economical,Rural_economy,Minister_of_Economy,economy_(activity),Economic_affairs,Anchor_economy,Ecomony,Econmic_systems,Economic_Sector,economic_System,Economic_systems,Economy_system,National_economies,Oeconomy,Types_of_Economic_Systems
13,European Economic and Monetary Union,Economic_and_Monetary_Union_of_the_European_Union,Economic_and_Monetary_Union_of_the_European_Union,European_Monetary_Union,European_Economic_and_Monetary_Union,Economic_and_monetary_union_of_the_european_union,EMUEU
13,Monetary,money#n#1,money,money,money,money,money,money,Monetary,Pecuniary,Commercial_bank_money,Real_world_money,Monies,Monetary_items,Concept_of_money,Fiscally,Functions_of_money,Hard_dollar,Money_and_fame,Pelf
13,confident,confident#a#1
13,reasonably,reasonably#r#1,moderately#r#1,pretty#r#1,jolly#r#1,somewhat#r#2,fairly#r#1,middling#r#1,passably#r#1
13,European,European#n#1,European,European
13,Economic and Monetary Union,Economic_and_monetary_union,Economic_and_monetary_union,Economic_&_monetary_union,Economic_and_Monetary_Union
13,Union,union#n#1,labor_union#n#1,trade_union#n#1,trades_union#n#1,brotherhood#n#4,trade_union,trade_union,labor_union,trade_union,trade_union,Trade_unions,labor_union,Trade_unions,Labor_unions,Labour_union,trades_union,Unions,Labor_leader,Labour_unions,Trade_Unions,Trades_unions,Trade_unionists,Trade-union,Labor_organization,Teachers'_union,trades_Union,Unionized,Labor_organizations,Worker's_union,Trade_Unionist,Labour_organisation,labor_Union,Union_membership,Trade_Unionism,Union_trader,Trade-unionist,Labour_organization,Trades_unionist,Labor_unionism,Trade_Unionists,Tradeunion,Trade-unionism,Labor-union,Labor_Unions,Teachers_union,Collective_bargaining_agency,Labour_Union,Labor-unionism,Labor-unionisms,Labor-unionistic,Labor-unions,Labor_cartel,labor_union,labor_Union,Labor_unionisms,Labor_unionistic,Labor_Unions,Labor_unions,Laborunion,Laborunionism,Laborunionisms,Laborunionistic,Laborunions,Labour-union,Labour-unionism,Labour-unionisms,Labour-unionistic,Labour-unions,Labour_union,Labour_Union,Labour_unionism,Labour_unionisms,Labour_unionistic,Labour_unions,Labour_Unions,Labour_Unions,_Moral_Aspects_of,Labourunion,Labourunionism,Labourunionisms,Labourunionistic,Labourunions,Moral_Aspects_of_Labour_Unions,Student_Trade_union_and_high-school_pupil,Trade-unionisms,Trade-unionistic,Trade-unionists,Trade-unions,trade_Union,trade_union,trade_Union,Trade_unionisms,Trade_unionistic,Trade_Unions,Tradeunionism,Tradeunionisms,Tradeunionist,Tradeunionistic,Tradeunionists,Tradeunions,Workers_political_organisation
14,way,way#n#4
15,concoct,concoct#v#1
15,finance ministers,finance_minister#n#1,minister_of_finance#n#1,finance_minister,finance_minister,minister_of_Finance,Ministry_of_Finance,minister_of_finance,Minister_for_Finance,Finance_ministry,Department_of_Finance,Finance_Ministry,Minister_of_the_Treasury,Ministry_of_Treasury,Ministry_of_finance,Finance_Department,Minister_of_Finances,Finance_ministers,Ministers_of_Finance,Department_of_finance,Departments_of_Finance,Departments_of_finance,Finance_department,Finance_departments,Finance_Departments,finance_Minister,Finance_Ministers,Finance_Ministries,Finance_ministries,Finance_Secretaries,Finance_secretaries,Minister_of_the_treasury,Ministers_of_finance,Ministries_of_Finance,Ministries_of_finance,Secretaries_of_Finance,Secretaries_of_finance,Secretary_of_finance
15,ministers,curate#n#1,minister_of_religion#n#1,minister#n#1,parson#n#1,pastor#n#1,rector#n#1,curate,rector_(ecclesiastical),pastor,minister_(Christianity),parson,minister_(Catholic_Church),curate,minister,Minister,parson,pastor,Rector,pastor,curate,minister,parson,pastor,minister_of_religion,Parish_priest,Religious_minister,minister_(religion),Pastors,Ordained_minister,Curé,Christian_clergy,Christian_Ministry,Christian_minister,Assistant_curate,Senior_Pastor,Associate_Pastor,Senior_pastor,Apostolic_rector,Catholic_minister,Curacies,Dominee,Rector_general,rector_(religion),Pastor-teacher,Curates,Clerk_in_Holy_Orders,minister_(Methodist),Catholic_ministers,Ordained_Minister,Lead_pastor,minister_(Protestantism),General_Pastor,Plebanus,Clerk_in_holy_orders,Ministers_of_religion,Religious_Ministry,Church_minister,Anglican_Parson,Catholic_Minister,Curatus,Ex-pastors,Executive_Pastor,Interim_Pastor,Parish_minister,Pastored,Paſtor,Religious_Minister
15,finance,finance#n#1,finance,finance,financing,finance,Finance,Financial,financing,Financials,E-finance,Finance_and_investment,Non-financial,Cash_leakage,Equipment_financing,Nonfinancial
16,favour,favor#n#4,favour#n#1,favor,favour,favor
17,deficits,deficit#n#4,deficit
17,budget deficits,budget_deficit#n#1,Government_budget_balance,Government_budget_deficit,budget_deficit,Budget_surplus,Fiscal_deficit,Budget_deficits,Government_deficit,Deficits,Government_budget_deficits,Budgetary_deficit,General_budget_deficit,General_government_deficit,Government_budget_surplus,Cyclically-adjusted_primary_balance,Cyclically_adjusted_primary_balance,Federal_surpluses,Fiscal_surplus,General_budget_balance,General_budget_surplus,General_government_balance,General_government_surplus,Public_Borrowing_Requirement,Public_budget_balance,Public_budget_deficit,Public_budget_surplus,Public_fiscal_balance,Public_fiscal_deficit,Public_fiscal_surplus,Structural_budget_balance
17,show,show#v#1,demo#v#1,exhibit#v#3,present#v#1,demonstrate#v#1,display,indicate,present,reveal,show,show,show
17,debt,debt#n#2,debt,debt,debt,debt,debt,Debts,Principal_sum,debt_(finance),Debt_reduction,Debt_finance,Principal_amount,Debt_poverty,Debt_punishment,Debts,Dunned,Dunners,Good_Debt,Net_debt,Nonfinancial_debt,debt_(economics)
17,budget,budget#n#2,budget,budget,budget,budget,budget,Budgeting,Budgets,Government_Budget,Financial_act,Annual_budget,Annual_budgeting,Budget_level,Budjet,Comprehensive_budget,Master_budget,Sales_budget,Sound_Budget
18,exceed,exceed#v#1,transcend#v#1,surpass#v#4,exceed,transcend,exceed
18,percent,percentage#n#1,percent#n#1,per_centum#n#1,pct#n#1,percentage,percentage,percent,percentage,percent,percentage,PCT,percent,Per_cent,Percentages,Centigraph,Per_cent.,per_centum,Procent
19,heading,head#v#4,head_up#v#1
19,levels,degree#n#1,grade#n#8,level#n#1,Evolutionary_grade,degree_(music),Degree,Evolutionary_grade,degree,°,grade,scale_degree,grade,scale_degree,Scale_degrees,grade_(biology),degree_(scale),Degrees_of_the_scale,Scale-degree,grade_(cladistics),grade_(taxonomy)
20,underway,Underway
21,mechanism,mechanism#n#1,chemical_mechanism#n#1,reaction_mechanism,reaction_mechanism,mechanism,reaction_mechanism,Chemical_reaction_mechanism,chemical_mechanism,Organic_reaction_mechanisms,reaction_Mechanism
21,essential,essential#a#1,indispensable#a#2,essential,indispensable
