1,Corp,corporation#n#1,corp#n#1,corporation,corporation,company,concern,corporation,enterprise,firm,partnership,venture,company,Corporations,enterprise,Corporations,Corporate,History_of_companies,Incorporated_business,Corporate_entity,Corporate_propaganda,Corporate_enterprise,Developing-world,Corp.,Corporate_entities,Mutual_benefit_corporation,Afro-Asian_Bloc,Chusik_hoesa,Company_history,Company_law_history,Coporation,Coportate,Coroporate_propaganda,Corperation,Corplate,Corporate,Corporate_agenda,Corporate_enterprises,corporation,History_of_company_law,History_of_corporate_law,History_of_corporations,Incorporated_businesses,Jusik_hoesa,Mutual_Benefit_Corporation,Publicly_quoted_companies,Shareholder_owned
1,acquire,acquire#v#5,win#v#2,gain#v#2,earn,gain,earn,gain
1,agreed,agree#v#7,agree
2,Fertiliser,fertilizer#n#1,fertiliser#n#1,plant_food#n#1,fertilizer,fertilizer,chemical_fertiliser,chemical_fertilizer,fertiliser,fertilizer,nitrogenous_fertiliser,nitrogenous_fertilizer,fertilizer,fertiliser,Fertilizers,chemical_fertilizer,Nitrogen_fertilizer,Fertilisers,Artificial_fertilizer,Chemical_fertilizers,Synthetic_fertiliser,Liquid_fertilizer,Nitrogen_fertiliser,Phosphate_fertilizer,Mineral_fertilizer,Nitrogen_fertilization,Synthetic_fertilizers,nitrogenous_fertilizer,plant_food,Chemical_manure,Synthetic_fertilizer,Artificial_fertiliser,Synthetic_nitrogen_fertilizer,Fertalizer,Granular_fertilizer
2,acquire,get#v#1,acquire#v#1,acquire,get,obtain,procure,procure,acquire
3,stake,interest#n#5,stake#n#1
3,percent,percentage#n#1,percent#n#1,per_centum#n#1,pct#n#1,percentage,percentage,percent,percentage,percent,percentage,PCT,percent,Per_cent,Percentages,Centigraph,Per_cent.,per_centum,Procent
3,remaining,remain#v#3,remain,remain
4,stake,interest#n#5,stake#n#1
4,acquire,get#v#1,acquire#v#1,acquire,get,obtain,procure,procure,acquire
4,percent,percentage#n#1,percent#n#1,per_centum#n#1,pct#n#1,percentage,percentage,percent,percentage,percent,percentage,PCT,percent,Per_cent,Percentages,Centigraph,Per_cent.,per_centum,Procent
5,Mississippi,Mississippi#n#2,Magnolia_State#n#1,MS#n#2,Mississippi,Mississippi,Mississippi,Magnolia_State,MS,Magnolia_State,Mississippi,State_of_Mississippi,State_of_Mississippi,Mississippi_(state),Mississippi_(U.S._state),Demographics_of_Mississippi,Geography_of_Mississippi,Mississipi,20th_State,US-MS,Religion_in_Mississippi,Sports_in_Mississippi,Transportation_in_Mississippi,Culture_of_Mississippi,Climate_of_Mississippi,State_symbols_of_Mississippi,Economy_of_Mississippi,The_Magnolia_State,Mississippi_(State),Magnolia_State,Misisipi,Misisippi,Misissipi,Misissippi,Missisipi,Missisippi,Mississippi,_United_States,Misssissippi,Symbols_of_the_State_of_Mississippi,The_Hospitality_State,Transport_in_Mississippi,Twentieth_State,U.S._state_of_Mississippi
5,deal,Deal_(surname)
5,merge,unite#v#6,unify#v#5,merge#v#3,merge,merge,merge,combine
5,tax-free,tax-exempt#a#1,tax-free#a#1,untaxed#a#1
6,nitrogen,nitrogen#n#1,N#n#1,atomic_number_7#n#1,nitrogen,nitrogen,azote,nitrogen,nitrogen,phlogisticated_air,Nitrogen_gas,Dinitrogen,Nitrogenous,Nitrogen_compounds,Biological_role_of_nitrogen,Nitrogen_gases,Molecular_nitrogen,E941,Nitrogens,ATC_code_V03AN04,ATCvet_code_QV03AN04,atomic_number_7,azote,Azotic_air,Burnt_air,Element_7,Industrial_nitrogen,Mephitic,Mephitic_air,Nitrogen_atom,Nitrum,Noxious_air,N₂,N≡N,phlogisticated_air,S2_2S2_2P3
6,premier,Premier_(Canada),premier_in_Canada,Canadian_premier,Premier_of_Canada
6,creates,make#v#3,create#v#1,create,create
6,North America,North_America#n#1,North_America,North_America,North_America,North_America,North_America,North-America,North_American_continent,North_Americans,Demographics_of_North_America,North-American,North_Americas,North_American_Continent,Northamerica,003_(UN_M.49_code),Culture_of_North_America,N._America,Demographics_of_north_america,N_america,Name_of_North_America,North_america,North_america_1,North_american,Northamerican,Northamericans,Regions_of_North_America,North_America_(Americas),North_America_(continent),North_America_(region)
6,complexes,complex#n#1,composite#n#1
7,double,double#v#1,duplicate#v#4,double,double,double
7,sales,sale#n#1
7,urea,urea#n#1,carbamide#n#1,urea,urea,carbamide,carbonyldiamine,urea,carbamide,Ureagenesis,Bosch–Meiser_urea_process,Ammonium_cyanate,Topical_urea,ATC_code_B05BC02,ATC_code_D02AE01,ATCvet_code_QB05BC02,ATCvet_code_QD02AE01,Bosch-Meiser_urea_process,Carbonyl_diamide,carbonyldiamine,CH4N2O,CH4ON2,Diaminomethanal,E927b,Impact_of_urea_on_brain_cells,Karbasal,Urea_group,Urea_groups,(NH2)2CO
8,strategic,strategic#a#2,strategic,strategic
8,importance,importance#n#1,importance,importance
8,great,great#a#2,outstanding#a#4
9,subject,subject#a#2,dependent#a#5
9,approval,approval#n#2
9,regulatory,regulative#a#1,regulatory#a#1
9,shareholder,stockholder#n#1,shareholder#n#1,shareowner#n#1,shareholder,shareholder,shareholder,shareholder,stockholder,Shareholders,stockholder,Stockholders,Majority_shareholder,Shareholdings,Share_holder,Shareholder_concept,Stock-holder,Stock_holder
9,remains,remain#v#3,remain,remain
9,regulatory approval,regulation#n#1,ordinance#n#1,regulation,regulation,regulation,Regulations,Regulatory,Government_regulation,Regulated,State_regulation,regulation_(socio-legal_concept),Regulatory_Processes,Independent_oversight,Independent_regulator,Organisational_oversight,Organizational_oversight,Regualtion,Regualtions,Regulate,Regulated,Regulates,Regulating,Regulations,Regulator,Regulators,Regulatory_approval,Regulatory_processes,Regulatory_standard,Regulatory_standards,Rugulatory
10,shares,share#n#2,share_(finance),share,share,share,share,Shares,Public_shares,Share_of_stock,Share_tips,Votable_share
10,exchanged,change#v#6,exchange#v#2,commute#v#5,convert#v#4,change,commute,convert,exchange
11,operations,operation#n#1
11,spin,spin#v#2
11,spin off,spin_off#v#1
12,shares,share#n#2,share_(finance),share,share,share,share,Shares,Public_shares,Share_of_stock,Share_tips,Votable_share
12,Chemical,chemical#n#1,chemical_substance#n#1,chemical_substance,chemical_substance,chemical,chemical_substance,chemicals,chemical,chemicals,Pure_substance,Chemical_substances,Artificial_material,Chemical_sources,chemical_(science)
12,issued,issue#v#2,supply#v#2
12,percent,percentage#n#1,percent#n#1,per_centum#n#1,pct#n#1,percentage,percentage,percent,percentage,percent,percentage,PCT,percent,Per_cent,Percentages,Centigraph,Per_cent.,per_centum,Procent
13,operating income,Earnings_before_interest_and_taxes,Earnings_before_interest_and_taxes,net_operating_income,Operating_profit,Operating_income,net_operating_income,net_Operating_Income,Operating_Income
13,income,income#n#1
13,fiscal,fiscal#a#1,financial#a#1
13,operating,operate#v#1,run#v#4,operate,run
13,posted,post#v#7,carry#v#28,carry
14,equity value,Equity_value
14,equity,equity#n#2,equity_(finance),Equity,equity,equity,ownership_equity,equity,equity,ownership_equity,Shareholders'_equity,Equity_investment,Equity_capital,Equity_stake,Shareholder's_equity,Risk_capital,Equity_financing,Owner's_equity,Shareholders'_Equity,Stockholder's_equity,Shareholder_Equity,Equity_investor,Full-stake,Investing_on_the_stock_market,Net_equity,Owners_equity,ownership_Equity,Residual_equity,Shareholder's_Equity,Shareholder_equity,Shareholders'_deficit,equity_(capital)
14,value,value#n#1,value_(computer_science),value_(mathematics),value,value,value,value,Real-valued,value_(programming),Immediate_value,R-value_(computer_science),value_(computer_programming)
