1,larger,bigger#a#1,larger#a#1
1,expected,expect#v#1,anticipate#v#1,expect
1,launch,launch#v#2,launch,launch
1,version,version#n#1
2,expected,expect#v#1,anticipate#v#1,expect
2,Farnborough Air Show,Farnborough_Airshow,Farnborough_Airshow,Farnborough_Air_Show,Farnborough_International_Airshow,Farnborough_International_Air_Show,Farnborough_air_show,Farnborough_Air_Display
2,biennial,biennial#a#1,two-year#a#1
2,Show,show#n#1
2,Farnborough,Farnborough,_Hampshire,Farnborough,Farnborough,Farnborough,_Hampshire,Farnborough,_Hants,IQ_Farnborough
2,Air,air#n#1,Atmosphere_of_Earth,atmosphere_of_Earth,air,Earth's_atmosphere,sky,air,air,Earth's_atmosphere,air,Atmospheric_stratification,Earth’s_atmosphere,Earth_atmosphere,Heterosphere,Earth's_Atmosphere,Atmospheric_gases,Atmospheric_gas,Homosphere,Atmosphere_of_the_earth,Standard_Dry_Air,Lower_atmosphere,Atmospheric_air,Atmospheric_layer,Refractive_index_of_air,Atmospheric_gasses,Air_velocity,Aerier,Aeriest,Aeriform,Air_qualities,Airily,Atmospheric_Gas,Atmospheric_Layers,Atmospheric_layers,Average_atmospheric_temperature,Aëry,Composition_of_the_earths_atmosphere,Early_atmosphere,Earths_atmosphere,Evolution_of_Earth's_atmosphere,Layers_of_Earth's_atmosphere,Layers_of_the_atmosphere,Material_properties_of_air,Qualities_of_air,Terran_Atmosphere,Third_atmosphere,Upper-atmosphere_dynamics,air_(mixture_of_gases),air_(properties)
2,Air Show,air_show,air_show,air_show,Airshow,Airshows,Flight_exhibitions,air_Show,Air_Shows,Airshow_Pilot,Airshow_pilot
3,massive,massive#a#1,monolithic#a#1,monumental#a#3,massive,monumental,massive
3,orders,order#n#1,order,order,order
3,merely,merely#r#1,simply#r#1,just#r#1,only#r#1,but#r#1,but,just,merely,only,simply,just,merely,only
3,disclose,unwrap#v#2,disclose#v#1,let_on#v#1,bring_out#v#9,reveal#v#2,discover#v#6,expose#v#2,divulge#v#1,break#v#15,give_away#v#2,let_out#v#2,reveal,disclose,exhibit,reveal,unveil,discover,disclose,divulge,let_on,reveal,reveal,disclose
3,announce,announce#v#1,denote#v#3,announce,enunciate,exclaim,proclaim,promulgate,announce
3,board,directorate#n#1,board_of_directors#n#1,board_of_directors,directorate_(Russia),board_of_directors,administrative_body,board,board-room,board_of_directors,board_of_governors,board_of_managers,board_of_trustees,board_room,boardroom,executive_board,boardroom,directorate,board_of_Trustees,Company_director,executive_board,Boards_of_directors,Corporate_director,executive_Board,Board_of_director,Board_chairman,Board_of_Management,Board_Member,Co-trustee,Board_of_visitors,Corporate_board,Shadow_director,Director_(company),board_of_Managers,Board_of_management,Trustee-in-trust,Shadow_directors,board_room,Member_of_the_board,Member_Board_of_Directors,Directorships,Board_of_Directors_Member,Board_of_a_company_or_corporation,board_of_Directors,board_of_managers,board_Room,Boardmember,Boardmembers,BoT,Executive_chairperson,Executive_Chairperson,The_Board_of_Directors,Director_(corporation)
4,authorisation,mandate#n#1,authorization#n#1,authorisation#n#1,mandate,mandate,mandate_(law)
5,said,state#v#1,say#v#1,tell#v#1,tell,say,tell,say,say,say,say,state
6,plane,plane#n#3,plane_(esotericism),Plane,plane,plane,plane_(cosmology),plane_(metaphysics),Planes_of_existence,Astral_Plane,Plane_of_existence,Bhuloka,Spiritual_plane,plane_(esoterism),Reality_shifts,Higher_mental_plane,Astral_light,Antarloka,Spiritual_(spiritual_plane),Astral_realm,Planes_of_being,Etheric_(etheric_plane),Physical_(physical_plane),Astral_world,Astral_World,Atmic_plane,Higher_Mental_plane,Level_of_existence,Logoic_plane,Manasic_plane,Mental_Plane,Mental_Planes,Mental_planes,Oversoulful_plane,Plane_of_reality,Psychic_plane,Region_of_Concrete_Thought,Soulful_plane,Summerlands,The_astral,The_Wiccan_Summerland,Vibrating_plane
6,new,new#a#1,new,new
6,decision,option#n#2,alternative#n#1,choice#n#3,choice,decision,pick,alternative,option,option
6,discussed,discourse#v#1,talk_about#v#1,discuss#v#1
7,747s,747,747
7,older,aged#a#1,elderly#a#1,older#a#1,senior#a#3,aged,aged
7,replacing,replace#v#1,replace
8,Airbus,airbus#n#1,Airbus,Airbus,Airbus,Airbus_Industrie,Airbus_Industries,Airbus_SAS,Airbus_S.A.S.,Deutsche_Airbus,Airbus_Japan,Airbus_Americas,_Inc.,Airbus_Transport_International,Air-bus,Air_bus,Air_Bus,AIRBUS,Airbus.com,Airbus.com.cn,Airbus.fr,Airbus_A360,Airbus_Americas,Airbus_China,Airbus_Industriie,Airbus_Middle_East,Airbus_North_America,Airbus_S._A._S.,Airbuschina.com,AirbusChina.com,Airbusjapan.com
8,airliner,airliner#n#1,airliner,airliner,airliner,airliner,Airliners,Passenger_aircraft,Commercial_airliner,Baggage_hold,Commercial_jet,Air-liner,Air-liners,Air_liner,Air_liners,Airfares,Commercial_Aircraft,Passenger_airplane
8,project,undertaking#n#1,project#n#1,task#n#1,labor#n#7,project,project,undertaking,project,project,project,project,project,Projects
8,develop,develop#v#1,develop
8,jointly,jointly#r#1
8,shelved,shelve#v#2,shelve,shelve
9,threaten,threaten#v#2
9,lower,lower
9,lower end,Grendon,_Northamptonshire,Grendon,_Northamptonshire,Grendon,_Northamptonshire,Grendon_Hall,Lower_End
9,end,goal#n#1,end#n#4,goal,Intrinsic_value_(ethics),goal,Intrinsic_value,goal,end,goal,goal,goal,End_in_itself,End-in-itself,Intrinsic_good,Ends-in-themselves,Terminal_value_(philosophy),Ultimate_importance,Short-term_goal,Primary_objective,Total_intrinsic_value,Principle_value,Chief_good,Inherent_worth,Intrinsic_bi-ism,Long-term_goal,Essential_value,Intrinsic_worthiness,Long_term_goal,Meta-value,Monistic_life_stances,Multistic_life_stances,Multistic_lifestance,Negative_intrinsic_value,Personal_achievement,Short_term_goal,Value_in_life,end_(ethics),goal_(management),Object_(task)
10,move up,ascend#v#8,move_up#v#1,rise#v#7
10,need,want#v#2,need#v#2,require#v#4,want
10,able,able#a#1
10,position,position#n#1,place#n#9
10,be able to,be_able_to,be_able_to
11,number,number#n#1,figure#n#9,number,figure,number,number
12,signalled,sign#v#5,signal#v#1,signalize#v#2,signalise#v#2,signal
13,intends,intend#v#2,destine#v#2,designate#v#5,specify#v#6,design,destine,intend,mean
13,go ahead,go_ahead#v#1,plow_ahead#v#1
13,ahead,ahead#r#5
13,plans,plan#n#1,program#n#1,programme#n#6,plan,Program_management,plan,Program_management,plan,program,programme,Plans,plan,plan,plan,program,program_(management),Plans,Program_manager,Programme_management,P.L.A.N.,P._L._A._N.,P_L_A_N,plan,Program_Management
14,Europe,Europe#n#1,Europe,Europe,Europe,Europe,Europe,Europea,Europe's,European_nations,Europe_(continent),European_affairs,Definition_of_Europe,European_State,Capitals_in_Europe,Cold_War_Europe,Euorpe,EUROPE,EuropE,Europe.,European_Peninsula,Evrope,Name_of_Europe,Nations_of_Europe,Northwest_Eurasia,Northwestern_Eurasia,Old_continent,Old_Continent,Political_map_of_Europe,The_Europe,The_Europes,The_Old_Continent,Yureop,Yurop,Yurup,Europa_(continent),Europe_(peninsula),Europe_(region)
14,predicted,bode#v#1,portend#v#1,auspicate#v#1,prognosticate#v#2,omen#v#1,presage#v#1,betoken#v#2,foreshadow#v#1,augur#v#1,foretell#v#3,prefigure#v#2,forecast#v#3,predict#v#2,bode
15,estimated,estimate#v#1,gauge#v#1,approximate#v#2,guess#v#3,judge#v#3,estimate
16,leave,leave#v#2
17,dominating,dominate#v#2,dominate
17,continue,retain#v#2,continue#v#5,keep#v#10,keep_on#v#1
17,end,end#n#2,ending#n#3,end
17,lucrative,lucrative#a#1,moneymaking#a#1,remunerative#a#2,gainful,lucrative,profitable,lucrative,moneymaking,profitable
17,essential,essential#a#4
19,expect,expect#v#1,anticipate#v#1,expect
19,air travel,air_travel#n#1,aviation#n#4,air#n#9,aviation,air_travel,air_travel,aviation,air_transportation,aviation,aviation,aviation,Air_transport,air_transportation,Air_Transport,Modern_aviation,Air_Transport_Industry,Aerial_transportation,AirTransport,flight,Flying,Modern_Aviation
19,air,air#n#1,Atmosphere_of_Earth,atmosphere_of_Earth,air,Earth's_atmosphere,sky,air,air,Earth's_atmosphere,air,Atmospheric_stratification,Earth’s_atmosphere,Earth_atmosphere,Heterosphere,Earth's_Atmosphere,Atmospheric_gases,Atmospheric_gas,Homosphere,Atmosphere_of_the_earth,Standard_Dry_Air,Lower_atmosphere,Atmospheric_air,Atmospheric_layer,Refractive_index_of_air,Atmospheric_gasses,Air_velocity,Aerier,Aeriest,Aeriform,Air_qualities,Airily,Atmospheric_Gas,Atmospheric_Layers,Atmospheric_layers,Average_atmospheric_temperature,Aëry,Composition_of_the_earths_atmosphere,Early_atmosphere,Earths_atmosphere,Evolution_of_Earth's_atmosphere,Layers_of_Earth's_atmosphere,Layers_of_the_atmosphere,Material_properties_of_air,Qualities_of_air,Terran_Atmosphere,Third_atmosphere,Upper-atmosphere_dynamics,air_(mixture_of_gases),air_(properties)
19,travel,travel#n#1,traveling#n#1,travelling#n#1,travel,travel,travel,travel,Travel,traveling,travelling,Travel_safety,World_Travel,Traveler-oriented_business,Traveled
20,airlines,airline#n#2,airline_business#n#1,airway#n#4,airline,airline,airline,air_carrier,airline,Airlines,air_carrier,Commercial_airline,Airline_industry,Scheduled_air_transport,Scheduled_airline,Airline_company,Scheduled_air_carriers,Commercial_flights,Airline_flights,Air_carriers,Airline_companies,Commercial_air_transport,Flight_company,Passenger_aeroplane,The_Airline
20,talking,talk#v#1,speak#v#2,speak,speak,talk,speak,talk
21,said,state#v#1,say#v#1,tell#v#1,tell,say,tell,say,say,say,say,state
22,offer,offer#v#2,proffer#v#1,offer,offer
22,plans,PLANS,People_for_Legal_and_Non-sectarian_Schools,People_for_Legal_and_Nonsectarian_Schools
22,variant,version#n#2,variant#n#4,variation#n#4,edition#n#4,variant,variant,version
23,joint,joint#a#1
23,joint venture,joint_venture#n#1,joint_venture,joint_venture,Joint-venture,Joint_ventures,Joint_adventure,Joint_venture_company,Joint_Ventures,Joint_partnership,Joint_development,Joint_Undertaking,Joint-ventures,Joint_investment,CJV,CJVs,Co-operative_joint_venture,Co-operative_joint_ventures,Cooperative_joint_venture,Cooperative_Joint_ventures,Corporate_joint_venture,joint_Venture
23,formed,form#v#1,organize#v#1,organise#v#2,form
23,venture,venture#n#1
