1,run in,run_in
1,months,calendar_month#n#1,month#n#1,month,month,month,months,calendar_month,month,calendar_month,months,Khmer_calendar,Draconitic_month,Dracontic,Dracontic_month,Full_month,Hollow_month,Months_of_the_year,Nodical_month,Sideral_Month,Sideric_month,Sinhala_calendar,Sinodic_month,Synodal_month,Synodic_Month,ðŸ?±
1,spin-off,spin-off_(media),spin-off,spin-off,Side_story,Spinoff_(television),spin-off_(television),Media_spin-off,Sidequel,Media_spinoff
1,final,concluding#a#1,final#a#1,last#a#3,terminal#a#4
1,run,run#v#1,run,run
1,planned,plan#v#2
2,prove,prove#v#1,turn_out#v#1,turn_up#v#4
2,have to,have_to,must,have_to
3,generated,generate#v#1,bring_forth#v#1,generate,generate,generate,generate
3,net sales,net_sales#n#1,net_sales,net_sales
3,net,net#a#1,nett#a#1,net,net
3,sales,sale#n#1
4,Stead,Stead
4,executive,executive#n#1,executive_director#n#1,executive_director,Senior_management,executive_director,Senior_management,executive,executive,executive_(management),Management_team,Inside_director,Upper_management,Executive_team,Management_Team,Representative_director,executive_Director,Executive_directors,Upper_Management
4,chief executive,President_of_the_United_States#n#2,President#n#6,Chief_Executive#n#2,chief_executive
4,chief,chief#a#1,main#a#1,primary#a#3,principal#a#1,master#a#1,main,principal,main,master,principal
4,chairman,president#n#4,chairman#n#1,chairwoman#n#1,chair#n#3,chairperson#n#1,chairman,chairperson,chair,chairman,chairperson,convenor,president,presider,chairman,chairperson,chairwoman,president,chair_(official),chairperson,Chairman_of_the_Board,Vice_Chairman,Executive_Chairman,Vice_chairman,Vice-chairman,chairwoman,Vice-Chairman,convenor,Executive_chairman,Deputy_chairman,Deputy_Chairman,chairman_(official),Non-executive_chairman,Chairmanship,Chairmen,Vice-chairperson,Board_chair,Chair_of_the_Board,chair_(officer),Chairing,Chair_Emeritus,Chairwomen,Chairm.,Chairman_Executive,Chairmanic,Chairpeople,Chief_Governing_Officer,Group_Chairman,Non_executive_chairman,Rotating_chair,Spokesman_of_the_board,Spokesperson_of_the_board,Spokeswoman_of_the_board,chairman_(version_2)
5,annual,annual#a#1,one-year#a#1,annual
5,grew,grow#v#2,grow,grow,grow
5,sales,sale#n#1
6,executive,executive#a#1
6,chief executive officer,chief_executive_officer#n#1,CEO#n#1,chief_operating_officer#n#1,chief_executive_officer,chief_operating_officer,chief_executive_officer,chief_operating_officer,chief_executive,chief_executive_officer,chief_operating_officer,COO,CEO,Managing_director,Managing_Director,chief_executive,Chief_Operations_Officer,Chief_operations_officer,C.E.O.,Ceo,Chief_executive_officers,Chief_Executive_Office,CEOs,Chief_executives,Chairman_&_CEO,Group_Managing_Director,Chief_of_Operations,Chairman_and_CEO,Group_CEO,Senior_managing_director,Group_Chief_Executive,CEO_(chief_executive_officer),Group_Chief_Executive_Officer,Chief_Executive_Officers,C.E.O,Vorstandsvorsitzender,Corporate_executive_officer,Co-chief_executive_officer,Administrating_director,Cheif_executive_officer,chief_Executive_Officer,chief_Operating_Officer,Group_Chief_executive_officer,Head_of_operations,Managing_directors,Operational_authority,Senior_Managing_Director,COO_(chief_operating_officer)
6,chief,chief#a#1,main#a#1,primary#a#3,principal#a#1,master#a#1,main,principal,main,master,principal
6,executive officer,executive_officer#n#1,executive_officer,executive_officer,executive_officer,executive_Officer_(military),Business_executives,Business_Executive,executive_Officer_(United_States_military),executive_Officer,Executive_Officers,Inferior_officer
6,officer,military_officer#n#1,officer#n#1,officer_(armed_forces),officer,officer,military_officer,Naval_officer,Commissioned_officers,officer_(military),Officer_corps,Commissioned_Officer,Army_Officer,Officer's_commission,Naval_Officer,Military_officers,Navy_Officer,Officer_rank,Commissioned_Officers,Queen's_Commission,military_Officer,Superior_officer,Commissioned_rank,Naval_officers,officer_(rank),Military_official,Air_force_officer,Commisioned_officer
6,chairman,president#n#4,chairman#n#1,chairwoman#n#1,chair#n#3,chairperson#n#1,chairman,chairperson,chair,chairman,chairperson,convenor,president,presider,chairman,chairperson,chairwoman,president,chair_(official),chairperson,Chairman_of_the_Board,Vice_Chairman,Executive_Chairman,Vice_chairman,Vice-chairman,chairwoman,Vice-Chairman,convenor,Executive_chairman,Deputy_chairman,Deputy_Chairman,chairman_(official),Non-executive_chairman,Chairmanship,Chairmen,Vice-chairperson,Board_chair,Chair_of_the_Board,chair_(officer),Chairing,Chair_Emeritus,Chairwomen,Chairm.,Chairman_Executive,Chairmanic,Chairpeople,Chief_Governing_Officer,Group_Chairman,Non_executive_chairman,Rotating_chair,Spokesman_of_the_board,Spokesperson_of_the_board,Spokeswoman_of_the_board,chairman_(version_2)
7,replaces,replace#v#1,replace
7,Lacy,Blue_Lacy,Blue_Lacy,Lacey_(dog),Blue_lacey,Blue_Lacey,Blue_lacy,Lacey_dog,Lacy_Dog,Lacy_dog,Lacy_(dog)
8,believe,believe#v#1,believe,believe
8,investors,investor#n#1,investor,investor,investor,investor,Investors,Investor_protection,Invester
9,health,health#n#1,wellness#n#1,health,health,health,human_health,health,health,human_health,wellness_(medicine),Healthy,Physical_health,Health_hazard,Health_benefit_(medicine),Physical_well-being,Healthy_Living,Healthy_living,Health_maintenance,Unhealthy,Healthful,human_Health,Health_benefits_(medicine),Physical_Health,Heal,Healed,Healer,healing,HEALTH,Healthful_behavior,Healthfully,Healthfulnesses,Healthier,Healthiest,Healthiest,Healthily,Healthinesses,Healthly,Healths,Healthy,Verdurous
9,judge,judge#v#1
10,tax-free,tax-exempt#a#1,tax-free#a#1,untaxed#a#1
11,lead,lead
11,underwriter,investment_banker#n#1,underwriter#n#1,Investment_banking,investment_bank,underwriter,investment_bank,investment_bank,investment_banker,Investment_banks,Investment_bankers,investment_Bank,investment_Banker,Investment_Banks,Corporate_and_Investment_Banking,FICC_(banking),I-Banking,Banques_d'affaires,I-bank,I-banking,I_bank,Ibanker,IBanking,Investment_Banking
12,received,receive#v#1,have#v#15,receive,receive,receive
13,helped,help#v#1,assist#v#1,aid#v#1,aid,aid,assist,help,assist,help,aid,help
13,guide,guide#n#2
14,led,lead#v#3
14,units,unit_of_measurement#n#1,unit#n#1,Units_of_measurement,unit_of_measurement,unit,unit,unit_of_measure,unit_of_measurement,physical_unit,unit,unit_of_measure,unit_of_measure,unit_of_measurement,unit_of_measurement,Weights_and_measures,Physical_unit,unit_of_measure,Units_of_measure,unit_(measurement),Measurement_unit,Physical_units,Weights_and_Measures,Units_of_measurements,History_of_Weights_and_Measures,Unit_of_weight,History_of_weights_and_measures,Measurement_units,Physical_Unit,Physical_Units,unit_of_Measure,Weight_&_measures,Weight_and_measure,Weights_&_Measures,Weights_and_meaures
14,s units,S_meter,S_meter,S_meter,S-meter,S_unit,Signal_strength_meter
15,unit,software#n#1,software_program#n#1,computer_software#n#1,software_system#n#1,software_package#n#1,package#n#3,software,Modular_programming,software_system,modular_programming,software,software_system,computer_program,program,software,software_program,computer_program,package,softography,software,software,module,pack,package,package,software,software,software_package,computer_software,Module_(programming),Modularity_(programming),software_program,Software_systems,Software_technology,Unit_(Software_Development),Networked,Scientific_software,Modular_(programming),Software_Technology,Shrinkware,Module_system,Scientific_Software,computer_Software,Softwares,Software_Systems,software_package_(programming),softography,Code_Factoring,Code_factoring,ComputerSoftware,Editing_software,Modular_software,Networked_software,Old_software,Out_of_date_software,Outdated_software,Problems_of_unmaintained_software,Problems_with_old_software,SOFTWARE,Software.,Software_&_Programming,Software_&_programming,Software_and_Programming,The_software,Scientific_software_(free),Scientific_software_(non_free)
15,turned,turn#v#17
15,profitable,profitable#a#1
15,turned into,turn_into
16,computer,computer#n#1,computing_machine#n#1,computing_device#n#1,data_processor#n#1,electronic_computer#n#1,information_processing_system#n#1,computer,computer,computer,computer,Computers,computer,Computer,computer_system,Computers,Computer_system,Computer_systems,electronic_computer,Computer_Applications,Computer_Technology,Digital_computers,Computer_Systems,General_purpose_computer,Digital_computing,Computer_components,Computer_studies,computing_device,Electronic_computers,General-purpose_computer,Hardware_system,Electronic_computing,General_Purpose_Computer,computing_machine,Computing_machines,Camputer,Computar,Compute,COMPUTER,computer,Computer_System,Computer_system,computing,Computing_Machines,Computor,Copmuter,Discrete_computer,Hardware_System,Kinds_of_computers,Second-generation_of_computers,The_computer,Uses_of_computer
16,transfer,transfer#v#2,transfer
16,Ingram Micro,Ingram_Micro,Ingram_Micro,Ingram_Micro_Incorporated,Ingram_Micro,_Inc.,Ingram_Micro_Inc.
16,Micro,Micro_(novel),Micro,Michael_Crichton's_untitled_posthumous_novel
16,Ingram,Ingram_(surname)
16,distribution,distribution#n#1,statistical_distribution#n#1,probability_distribution,probability_distribution,distribution,distribution,probability_distribution,Discrete_probability_distribution,Continuous_probability_distribution,Continuous_distribution,Discrete_random_variable,Continuous_random_variable,Probability_distributions,Discrete_distribution,Continuous_variable,statistical_distribution,Discrete_variable,Statistical_distributions,Continuous_variation,Continuous_probability,Absolutely_continuous_random_variable,Random_distribution,Continuous_Random_Variable,Continuous_Random_Variables,Discrete_probability_theory,Discrete_Random_Variable,Normalized_probability_distribution,probability_Distribution,Probability_Distributions,Probability_frequency_distribution,ProbabilityDistributions,Probablity_Distribution,Quantitative_variation,Quantitive_variable,distribution_(probability),distribution_(statistics)
17,boost,boost#v#2
17,expectations,anticipation#n#4,expectation#n#2
