1,spectrum,spectrum#n#1,spectrum,spectrum,Spectroscopic_observations,Spectracular
1,broad,broad#a#3,unspecific#a#1
1,broad spectrum,broad-spectrum_antibiotic,broad-spectrum_antibiotic,Broad-spectrum,Broad_spectrum,Broad-spectrum_antibiotics,Broad_spectrum_antibiotic,Broad_spectrum_antibiotics,Broadspectrum_antibiotics
2,cents,cent#n#1,cent_(currency),cent_(currency),cent,¢,cent,¢,Cent_sign,1_cent,Cents_sign,￠,cent_(unit_of_currency)
2,rose,rise#v#1,lift#v#4,arise#v#5,move_up#v#2,go_up#v#1,come_up#v#6,uprise#v#6,rise,rise
3,vice president,vice_president#n#1,V.P.#n#1,vice_president,vice_president,vice_president,VP,Vice-president,Vice-President,Executive_Vice_President,Senior_Vice_President,Deputy_President,VP,Vicepresident,Vice_presidents,Vice_president_in_charge_of_hiring,Executive_vice-president,Vice_presidency,Vice-presidents,Senior_vice-president,Deputy_managing_director,Deputy_president,Deputy-president,Junior_Vice_President,Senior_Executive_Vice_President,Senior_Vice-president,V_P,Vice-Presidency,Vice-presidential,Vice_pres.,Vice_Pres.,Vice_Presidency,vice_President,Vice_President_in_Charge_of_Hiring,Vice_President_of_Salisbury_University,VP_of_Corporate_Development
3,vice,vice#n#2,vice,vice,vice,vice,Vices,Vice_unit,Vices,Vice_Unit,Vice_cop,Morality_squad,Morality_squads,Morality_unit,Morality_units,vice,Vice_squads,Vice_units
3,corporate,corporate#a#1,corporate
3,president,president#n#1,Presidents
4,initial,initial#a#1,initial,initial
4,engineers,engineer#n#1,applied_scientist#n#1,technologist#n#1,Rational_temperament,Rational_temperament,engineer,engineer_(role),NT_(temperment)
4,investment,investing#n#1,investment#n#1,investment,investing,investment,investment,Investments,Capital_investment,investing,Invest,Property_investment,Capital_investments,Financial_investment,Foreign_investors,Invests,Invested,Economic_investment,Capital_Investment,Invest,Invested,investing,Investmant,Investment_contract,Investment_expert,speculation
4,primary,primary#a#1
5,more than,more#a#1,more_than#a#1
5,years,year#n#1,twelvemonth#n#1,yr#n#1,year,year,an,year,twelvemonth,year,yr,Megaannum,mega-annum,Gigaannum,Ma_(unit),Kiloannum,gigayear,Tya,Giga-annum,Ga_(unit),Gregorian_year,Yearly,Exa-annum,Megaannus,Eclipse_year,Gigaanna,Megayear,Earth_year,Gigaannus,Earth_years,Annus,Kiloannus,525600,Draconitic_year,Dracontic_year,Ecliptic_year,Exaannum,Exayear,Gregorian_Year,Heliacal_year,Petaanna,Petayear,Terayear,The_year,The_Year,twelvemonth,TYA,Yaer,Year_duration,Yottayear,Zettayear
