1,spin,spin#v#2
1,units,unit_of_measurement#n#1,unit#n#1,Units_of_measurement,unit_of_measurement,unit,unit,unit_of_measure,unit_of_measurement,physical_unit,unit,unit_of_measure,unit_of_measure,unit_of_measurement,unit_of_measurement,Weights_and_measures,Physical_unit,unit_of_measure,Units_of_measure,unit_(measurement),Measurement_unit,Physical_units,Weights_and_Measures,Units_of_measurements,History_of_Weights_and_Measures,Unit_of_weight,History_of_weights_and_measures,Measurement_units,Physical_Unit,Physical_Units,unit_of_Measure,Weight_&_measures,Weight_and_measure,Weights_&_Measures,Weights_and_meaures
1,spin off,spin_off#v#1
2,plans,plan#n#1,program#n#1,programme#n#6,plan,Program_management,plan,Program_management,plan,program,programme,Plans,plan,plan,plan,program,program_(management),Plans,Program_manager,Programme_management,P.L.A.N.,P._L._A._N.,P_L_A_N,plan,Program_Management
2,spin,spin#v#2
3,changes,change#n#1,alteration#n#1,modification#n#4,change_(philosophy),Change,alteration,change,modification,change
4,occurred,occur#v#2,come#v#17,occur,occur
4,freight,freight#n#2,freightage#n#2,freightage
4,freight transportation,Intermodal_freight_transport,Intermodal_freight_transport,Intermodal_freight,Intermodal_train,Container_transportation,Freight_transportation,Intermodal_freight_train,Ship-to-rail_transfer,Intermodal_hub,Intermodality,Intermodal_freight_transportation
4,transportation industry,conveyance#n#3,transport#n#1,transport,transport,conveyance,means_of_transport,passenger_transport,transport,transportation,transport,transport,transport,Transport_infrastructure,Transportation_industry,Transportation_infrastructure,Traversing,Transporting,Transport_industry,Passenger_transportation,Transport_policy,passenger_transport,public_transport,transporT,Transport_Development_Manager,transportation,Transportation_of_goods,Transpot
4,industry,industry#n#2,manufacture#n#1,industry,industry,industry,industry,industry,industry_vertical,vertical,Industries,Industrial_development,Industrial_base,Industrials,Industrial_activity,Industrial_sectors,Industrie,Industrial_resources,Industrial_system,Utah_state_motto,Industri,Indusry,Industrial,industrY,Subindustries,Subindustry
4,transportation,Department_of_Transportation#n#1,Transportation#n#4,DoT#n#2,United_States_Department_of_Transportation,United_States_Department_of_Transportation,DOT,U.S._Department_of_Transportation,US_Department_of_Transportation,USDOT,US_DOT,Transportation_Department,U.S._DOT,U.S._Department_of_Transport,Transportation_united_states,U.S.DOT,United_States_Transportation_Department,US_Department_of_Transport,US_Dept_of_Transportation,US_Dot,USADOT,USDoT,Department_of_Transportation_(U.S.)
5,include,include#v#1
5,change,change#v#1,alter#v#1,modify#v#3,alter,change,modify,alter,change
5,Emery,emery#n#1,emery_(rock),emery,emery,Emery,emery_(mineral),Emery_powder,Elercynite,Iron_spinel
6,months,calendar_month#n#1,month#n#1,month,month,month,months,calendar_month,month,calendar_month,months,Khmer_calendar,Draconitic_month,Dracontic,Dracontic_month,Full_month,Hollow_month,Months_of_the_year,Nodical_month,Sideral_Month,Sideric_month,Sinhala_calendar,Sinodic_month,Synodal_month,Synodic_Month,ðŸ?±
6,comes,come#v#1,come_up#v#3,come,come_up
6,just,merely#r#1,simply#r#1,just#r#1,only#r#1,but#r#1,but,just,merely,only,simply,just,merely,only
7,money,money#n#1,money,money,money,money,money,money,Monetary,Pecuniary,Commercial_bank_money,Real_world_money,Monies,Monetary_items,Concept_of_money,Fiscally,Functions_of_money,Hard_dollar,Money_and_fame,Pelf
7,quarter of,quarter_of
7,year,year#n#1,twelvemonth#n#1,yr#n#1,year,year,an,year,twelvemonth,year,yr,Megaannum,mega-annum,Gigaannum,Ma_(unit),Kiloannum,gigayear,Tya,Giga-annum,Ga_(unit),Gregorian_year,Yearly,Exa-annum,Megaannus,Eclipse_year,Gigaanna,Megayear,Earth_year,Gigaannus,Earth_years,Annus,Kiloannus,525600,Draconitic_year,Dracontic_year,Ecliptic_year,Exaannum,Exayear,Gregorian_Year,Heliacal_year,Petaanna,Petayear,Terayear,The_year,The_Year,twelvemonth,TYA,Yaer,Year_duration,Yottayear,Zettayear
7,lost,lose#v#1
7,fourth,fourth#a#1,4th#a#1,quaternary#a#2
7,quarter,quarter#n#2,quarter_(urban_subdivision),quarter,quarter,Ortsteil,quarter_(country_subdivision),Stadtteil,Urban_Districts_of_Germany,quarter_(administrative)
8,head,steer#v#1,maneuver#v#1,manoeuver#v#2,manoeuvre#v#2,direct#v#11,point#v#4,head#v#5,guide#v#1,channelize#v#1,channelise#v#1,steer,guide,point,steer
8,new,new#a#1,new,new
8,Corp,corporation#n#1,corp#n#1,corporation,corporation,company,concern,corporation,enterprise,firm,partnership,venture,company,Corporations,enterprise,Corporations,Corporate,History_of_companies,Incorporated_business,Corporate_entity,Corporate_propaganda,Corporate_enterprise,Developing-world,Corp.,Corporate_entities,Mutual_benefit_corporation,Afro-Asian_Bloc,Chusik_hoesa,Company_history,Company_law_history,Coporation,Coportate,Coroporate_propaganda,Corperation,Corplate,Corporate,Corporate_agenda,Corporate_enterprises,corporation,History_of_company_law,History_of_corporate_law,History_of_corporations,Incorporated_businesses,Jusik_hoesa,Mutual_Benefit_Corporation,Publicly_quoted_companies,Shareholder_owned
9,bid,bid#v#5
10,clear,clear#a#5
10,changes,change#n#1,alteration#n#1,modification#n#4,change_(philosophy),Change,alteration,change,modification,change
10,significant,significant#a#1,important#a#2
11,CF,californium#n#1,Cf#n#1,atomic_number_98#n#1,californium,californium,californium,californium,Element_98
11,spin-off,spin-off_(media),spin-off,spin-off,Side_story,Spinoff_(television),spin-off_(television),Media_spin-off,Sidequel,Media_spinoff
11,sell,sell#v#1,sell,sell,sell
11,attempt,try#v#1,seek#v#3,attempt#v#1,essay#v#1,assay#v#2,attempt,endeavour,try
12,New York Stock Exchange,New_York_Stock_Exchange#n#1,N._Y._Stock_Exchange#n#1,NYSE#n#1,big_board#n#1,New_York_Stock_Exchange,New_York_Stock_Exchange,New_York_Stock_Exchange,Wall_Street,NYSE,The_New_York_Stock_Exchange,big_Board,big_board,N._Y._S._E.,N.Y.S.E.,N_Y_S_E,New_York_stock_exchange,New_York_Stock_Exchange_Group,_Inc.,Nyse,NYSE_Euronext_New_York,The_N._Y._S._E.,The_N.Y.S.E.,The_N_Y_S_E,The_NYSE
12,Exchange,exchange_(organized_market),exchange,exchange,exchange,Exchange_market,Organized_market,Security_exchange,Exchange_trading,Financial_exchange,Stock_and_futures_exchange
12,trade,trade#v#2,trade_in#v#1,trade,trade_in
12,file,file#v#2,file,file
12,York,York#n#1,House_of_York#n#1,York,House_of_York,House_of_York,York,York,York,Yorkist,City_of_York,York,_England,Yorkists,York_ham,York,_Yorkshire,York,_UK,County_Borough_of_York,Eoferwic,Eoforwic,House_of_york,House_Of_York,The_weather_in_York,UN/LOCODE:GBYRK,Yoisk,YORK,York,_North_Yorkshire,York_Ham,York_UA,Yorkish,York_(England)
12,continue,retain#v#2,continue#v#5,keep#v#10,keep_on#v#1
12,listing,list#v#2,list,list
12,Stock,stock#n#1,stock,stock,stock,Equities,Equity_securities,Stocks_and_shares,stock_(finance),Cash_equity,Equity_security,Stocks_and_Shares
13,cents,cent#n#1,cent_(currency),cent_(currency),cent,¢,cent,¢,Cent_sign,1_cent,Cents_sign,￠,cent_(unit_of_currency)
13,rose,rise#v#1,lift#v#4,arise#v#5,move_up#v#2,go_up#v#1,come_up#v#6,uprise#v#6,rise,rise
14,direct competition,contest#n#1,competition#n#2,competition,competition,competition,competitor,contest,contestant,competition,contest,competition,competition,competitor,Competitions,Competitors,Sports_competition,Competitive_sport,Competing,Compete,Competitively,Competitive_game,International_sport_competition,Direct_competition,Competed,Competitive,Competitive_sports,Competitivism,Compition,Direct_competitors,Substitute_competition
14,direct,direct#a#1,direct,direct
14,competition,competition#n#1,competition_(economics),competition,economic_competition,competition,Market_competition,Competitive_market,economic_competition,Business_competition,Potential_competition,Pure_Competition
15,head,head#v#1,head
15,Transportation,conveyance#n#3,transport#n#1,transport,transport,conveyance,means_of_transport,passenger_transport,transport,transportation,transport,transport,transport,Transport_infrastructure,Transportation_industry,Transportation_infrastructure,Traversing,Transporting,Transport_industry,Passenger_transportation,Transport_policy,passenger_transport,public_transport,transporT,Transport_Development_Manager,transportation,Transportation_of_goods,Transpot
15,head up,head#v#4,head_up#v#1
16,virtually,virtually#r#1,virtually
17,debt,debt#n#1,debt
18,companies,company#n#1,company,company,company,concern,corporation,enterprise,firm,partnership,venture,firm,company_(law),Companies,Registered_company,Incorporated_company,And_co.,And_company,And_sons,Campany,Cmpany,Comapnies,Comapny,Compagnie,Compagnies,Compnay,Registered_Companies,Your_company,ã?‡,company_(legal)
18,independent,independent#a#1
18,more competitive,competitive#a#1,competitory#a#1,competitive
18,competitive,competitive#a#1,competitory#a#1,competitive
18,independent companies,Independent_business,Independent_company
19,increased,increase#v#1,increase
19,competition,competition#n#1,competition_(economics),competition,economic_competition,competition,Market_competition,Competitive_market,economic_competition,Business_competition,Potential_competition,Pure_Competition
19,seen,see#v#1,see,behold,see,behold,see
21,good sense,common_sense#n#1,good_sense#n#1,gumption#n#1,horse_sense#n#1,sense#n#4,mother_wit#n#1,common_sense,common_sense,common_sense,good_sense,horse_sense,mother_wit,sense,common_sense,good_sense,mother_wit,sense,common_sense,sense,Sensus_communis,Common-sense,Commonsense,good_sense,Koine_ennoia,Bon_sens,Common-sense,CommonSense,Commonsense,First_sense,Koinonoēmosunē,Koinos_nous,Proton_aisthetikon,Ruling_sense,Use_common_sense
21,sense,sense#n#1,sense,sense
21,good,good#a#1,good
22,June,June#n#1,June,June,June,June,June,Jun.,JUNE,June_31,June_31st,Junes,㋅,Juno_(German)
22,pretty,reasonably#r#1,moderately#r#1,pretty#r#1,jolly#r#1,somewhat#r#2,fairly#r#1,middling#r#1,passably#r#1
22,profitable,profitable#a#1
22,pretty much,pretty_much#r#1
23,money,money#n#1,money,money,money,money,money,money,Monetary,Pecuniary,Commercial_bank_money,Real_world_money,Monies,Monetary_items,Concept_of_money,Fiscally,Functions_of_money,Hard_dollar,Money_and_fame,Pelf
23,losing,lose#v#1
24,spin-off,spin-off_(media),spin-off,spin-off,Side_story,Spinoff_(television),spin-off_(television),Media_spin-off,Sidequel,Media_spinoff
25,added,add#v#1,add,add,associate,combine,join,unite,add,join,add
