1,forced,force#v#8,force,force
2,call,call#v#11
2,call off,cancel#v#1,call_off#v#1,scratch#v#4,scrub#v#3,scrub
2,plans,plan#n#1,program#n#1,programme#n#6,plan,Program_management,plan,Program_management,plan,program,programme,Plans,plan,plan,plan,program,program_(management),Plans,Program_manager,Programme_management,P.L.A.N.,P._L._A._N.,P_L_A_N,plan,Program_Management
3,offer,propose#v#5,declare_oneself#v#1,offer#v#12,pop_the_question#v#1
3,kind,kind#n#1,sort#n#1,form#n#2,variety#n#5,kind,kind
3,right,right#n#1,Rights,rights,right,right,Rights,right,right,Rights_Ethics,Peoples'_rights,Rights_ethics,People's_rights,right,Right_by_birth
3,denied,disavow#v#1,abjure,abnegate,deny,disavow,disclaim,disown,reject,deny,disavow
4,offer,offer#v#1
4,hoping,hope#v#2,hope,hope
4,fare,fare#n#4,fare
4,one-way,one-way#a#1,one-way,uni-directional,one-way
4,regular,regular#a#1
5,fly,fly#v#2,fly,fly
5,fly on,fly_on#v#1
5,basis,basis#n#2,base#n#7,foundation#n#5,fundament#n#1,groundwork#n#1,cornerstone#n#1,basis_(linear_algebra),Basis,cornerstone,foundation,fundament,groundwork,basis,basis,Basis_vector,Basis_of_a_vector_space,Basis_vectors,Hamel_basis,Ordered_basis,basis_(mathematics),Vector_basis,basis_(vector_space),Vector_space_basis,Cone_basis,Linear_basis,Affine_basis,Coordinate_(vector_space),Hamel_bases,basis_(algebra),Algebraic_basis,Basis_element,Convex_basis,Linear_algebra/Basis_for_a_vector_space,Linear_Algebra/Basis_for_a_Vector_Space,basis(mathematics)
6,certainly,surely#r#1,certainly#r#1,sure#r#1,for_sure#r#1,for_certain#r#1,sure_enough#r#2,sure_as_shooting#r#1,certainly,for_certain,for_sure,sure,sure_as_shooting,sure_enough,surely,certainly
6,planning,plan#v#1,be_after#v#1,be_after,plan,plan
6,give up,abandon#v#2,give_up#v#2
7,continue,retain#v#2,continue#v#5,keep#v#10,keep_on#v#1
7,have to,have_to,must,have_to
7,Swiss,Swiss#n#1,Swiss_people#n#1,Swiss_people,Swiss_people,French_Swiss,Swiss,Swiss,Swiss,Swiss_(people),Swiss_Germans,Swiss_(nationality),French_Swiss,Swiss-Italian,Italian_Swiss,Fifth_Switzerland,Emigration_from_Switzerland,Alemannic_Swiss,Swiss_Italians,French-speaking_Swiss,Italian-speaking_Swiss,Swiss_German_people,Fifth_switzerland,German-speaking_Swiss,German_speaking_Swiss,Romands,Romansh-speaking_Swiss,Rumantsch_people,Swiss_expatriate,Swiss_French_people,Swiss_German_speakers,Swiss_identity,Swiss_Italian_people,Switzers
7,negotiating,negociate#v#6,negotiate#v#1,talk_terms#v#1,negotiate,negotiate
7,authorities,authority#n#2
8,British,Britons_(Celtic_people),Britons,British,Britons_(historical),Britons_(historic),Brython,Brythons,Ancient_Britons,Ancient_Briton,British_tribes,Brythonic_people,British_tribe,Britons_(Celtic_tribe),Britons_(ancient),British_tribal,British_(historic),British_ethnic_extraction,Brittani,Brittonic_Peoples,Brythonnic_people,Ethnic_Britons,Welsh/Britons,Brittani_(People_of_Britain)
8,earlier,sooner#r#1,earlier#r#2
8,year,year#n#1,twelvemonth#n#1,yr#n#1,year,year,an,year,twelvemonth,year,yr,Megaannum,mega-annum,Gigaannum,Ma_(unit),Kiloannum,gigayear,Tya,Giga-annum,Ga_(unit),Gregorian_year,Yearly,Exa-annum,Megaannus,Eclipse_year,Gigaanna,Megayear,Earth_year,Gigaannus,Earth_years,Annus,Kiloannus,525600,Draconitic_year,Dracontic_year,Ecliptic_year,Exaannum,Exayear,Gregorian_Year,Heliacal_year,Petaanna,Petayear,Terayear,The_year,The_Year,twelvemonth,TYA,Yaer,Year_duration,Yottayear,Zettayear
8,Branson,Branson_(surname)
8,launched,establish#v#1,set_up#v#1,found#v#1,launch#v#1,constitute,establish,found,institute,plant,set_up,launch,set_up
8,Richard Branson,Richard_Branson,Richard_Branson,Richard_Branson,Sir_Richard_Branson,Holly_Branson,Dick_Branson,Joan_Templeman,Ricahrd_Branson,Richard_Brandson,Richard_brandson,Richard_Bransen,Richard_branson,Sir_Richard_Charles_Nicholas_Branson,Virgin_volcanic
8,entrepreneur,entrepreneur#n#1,enterpriser#n#1,entrepreneur
9,fly,fly#v#2,fly,fly
9,London,London#n#1,Greater_London#n#1,British_capital#n#1,capital_of_the_United_Kingdom#n#1,London,Greater_London,Greater_London,London,London,Greater_London,London,London,Greater_London,London,_England,London,_United_Kingdom,London,_UK,London_UK,London_England,London's,Londra,London,_Great_Britain,London,England,Greater_London,_England,London,_U.K.,London_(region),The_Metropolis,London_area,Southwest_London,London_(England),Capital_of_England,Climate_of_London,capital_of_the_United_Kingdom,London_(United_Kingdom),London,_England,_United_Kingdom,London_weather,Capital_of_the_UK,Ceremonial_country_of_Greater_London,City_of_London,Climate_in_London,Climate_of_london,County_of_Greater_London,England_London,GBLON,Greater_London_administrative_area,Greater_London_ceremonial_country,Greater_London_county,Greater_London_Region,Greater_London_region,Leondeon,Llundain,Lodnon,LONDON,London,_Britain,London,_england,London,_England,_UK,London,_Greater_London,London-on-Thames,London_Britain,London_england,London_Region,London_region,Londonise,Londonize,Londonshire,Londontown,Londyn,Londýn,Lundein,Lundunir,Lundúnir,The_metropolis,UN/LOCODE:GBLON,United_Kingdom/London,Weather_in_London,Wongdon,London_(Britain),London_(Great_Britain),London_(UK)
9,services,service#n#1,service_(economics),service,service,Business_Services
9,intend,intend#v#2,destine#v#2,designate#v#5,specify#v#6,design,destine,intend,mean
10,offer,offer#n#1,offering#n#3,offering,offering
10,fare,menu#n#4,fare#n#1
10,set,put#v#1,set#v#1,place#v#1,pose#v#5,position#v#2,lay#v#1,lay,place,put,set,place,place
10,rejected,reject#v#1,abjure,abnegate,deny,disavow,disclaim,disown,reject,deny,reject,reject
10,allowed,let#v#1,allow#v#1,permit#v#2,allow,let,permit,allow
10,discount,dismiss#v#1,disregard#v#2,brush_aside#v#1,brush_off#v#1,discount#v#1,push_aside#v#2,ignore#v#2
10,right,ethics#n#2,moral_philosophy#n#1,ethics,ethics,ethics,ethics,ethics,Right_and_wrong,moral_philosophy,Ethical,Moral_philosopher,Unethical,moral_Philosophy,ethics_(philosophy),Ethical_standards,Ethical_theory,Ethical_issues,Ethical_system,Right_and_wrong,Military_ethics,Ethical_philosophy,Right_(ethics),Moral_questions,Ethical_standard,Ethical_imperative,Philosophy_of_morality,Moral_philosophers,Ehtics,ethic,Ethical,Ethical_demand,Ethically,Ethikos,moral_philosophy,moral_Philosophy,Philosophical_ethics,Postmodern_ethics,Right_and_Wrong,Un-ethical,Етика
10,return,tax_return#n#1,income_tax_return#n#1,return#n#1,income_tax_return,declaration
10,vowed,vow#v#1,vow
10,fight,contend#v#6,fight#v#1,struggle#v#4,fight,fight,fight,fight
11,Brussels,Bruxelles#n#1,Brussels#n#1,Belgian_capital#n#1,capital_of_Belgium#n#1,Brussels,City_of_Brussels,Brussels-Capital_Region,City_of_Brussels,Brussels,Brusselian,Brussels,Brussels_Capital_Region,Brussels,Brussels,_Belgium,Brussels-Capital_Region,Bruxelles,Brussels_Capital_Region,Brussel,Brussels_Region,Brussels-Capital_region,Brüssel,Brussels_(municipality),Brussels-Capital,Brussels_capital_region,Bruxelle,Brussels_Capital-Region,The_City_of_Brussels,capital_of_Belgium,Brussells,Région_de_Bruxelles-Capitale,Région_bruxelles-capitale,Brussels-City,Brusells,Brüssels,Bruselas,BEBRU,Bruessel,Bruessels,Brusels,Brusselian,Brussels,_BE,Brussels-capital_Region,Brussels-capital_region,Brussels_City,Brussels_Hoofdstedelijk_Gewest,Brussels_municipality,Brusselse_region,Brussles,Bruxelles-ville,Bruxelles-Ville,Bruxless,City_of_brussels,Region_Bruessel-Hauptstadt,Region_Brussel-Hauptstadt,Region_bruxelles-capitale,Region_Brüssel-Hauptstadt,Region_de_bruxelles-capital,Region_de_Bruxelles-Capitale,Region_de_bruxelles-capitale,Region_de_Bruxelles_Capitale,Région_de_bruxelles-capital,Région_de_bruxelles-capitale,Région_de_Bruxelles_Capitale,Stad_Brussel,The_city_of_Brussels,UN/LOCODE:BEBRU,Ville_de_Bruxelles,Ville_de_bruxelles
11,regional,regional#a#1,regional
11,year,year#n#3,year,year,solar_year,year,year,Megaannum,mega-annum,Gigaannum,Ma_(unit),Kiloannum,gigayear,Tya,Giga-annum,Ga_(unit),Gregorian_year,Yearly,Exa-annum,Megaannus,Eclipse_year,Gigaanna,Earth_year,Gigaannus,Earth_years,Annus,Kiloannus,525600,Draconitic_year,Dracontic_year,Ecliptic_year,Exaannum,Exayear,Gregorian_Year,Heliacal_year,Mega_Year,Petaanna,Petayear,Terayear,The_year,The_Year,TYA,Yaer,Year_duration,Yottayear,Zettayear
11,flying,fly#v#2,fly,fly
11,start,begin#v#3,lead_off#v#2,start#v#2,commence#v#2,begin,begin,begin,commence,lead_off,start,start,begin,commence,start,commence
11,hopes,hope#n#1
11,Britain,United_Kingdom#n#1,UK#n#1,U.K.#n#1,Britain#n#1,United_Kingdom_of_Great_Britain_and_Northern_Ireland#n#1,Great_Britain#n#1,United_Kingdom,United_Kingdom,Britain,Great_Britain,UK,United_Kingdom,United_Kingdom_of_Great_Britain_and_Northern_Ireland,Britain,UKoGBaNI,United_Kingdom,United_Kingdom_of_Great_Britain_and_Northern_Ireland,Britain,Great_Britain,U.K.,UK,United_Kingdom,United_Kingdom_of_Great_Britain_and_Northern_Ireland,UK,U.K.,United_Kingdom_of_Great_Britain_and_Northern_Ireland,The_United_Kingdom,Great_Britain_and_Northern_Ireland,U.K,The_UK,United_Kingdom_of_Britain,The_United_Kingdom_of_Great_Britain_and_Northern_Ireland,Vereinigtes_Königreich,United_Kingdom_(UK),United_Kingdom_of_Great_Britain_&_Northern_Ireland,Kingdom_of_Great_Britain_and_Northern_Ireland,British_state,British_State,British_United_Kingdom,Enguerue,Enguru,Etymology_of_the_United_Kingdom,Great_Britain_&_Ulster,Great_britain_and_northern_ireland,Great_Britain_and_Ulster,ISO_3166-1:GB,Regno_Unito,Royaume-Uni,Royaume_Uni,The_U-K,The_U.-K.,The_U._K.,The_U.K.,The_U.–K.,The_U_K,The_uk,The_United-Kingdom,The_United_Kingdom_of_Great_Britain_&_Ulster,The_United–Kingdom,The_U–K,TUKOGBANI,U-K,U.-K.,U._K.,U._K._G._B._N._I.,U.k.,U.K.G.B.N.I.,U.–K.,U_K,Uk,Uk.,UK_of_GB_&_NI,UK_of_GB_and_NI,UKGB,UKGBNI,UKGBR,UKia,UKOGBANI,UKoGBaNI,UN/LOCODE:TRANK,United-Kingdom,United_Kindgom,United_Kindom,United_kingdom,UNited_Kingdom,UNITED_KINGDOM,United_Kingdom's,United_Kingdom,,United_Kingdom_of_Great_Britain_&_Ulster,United_Kingdom_of_Great_Britain_and_North_Ireland,United_kingdom_of_great_britain_and_northern_ireland,United_Kingdom_of_Great_Britain_and_Northern_Island,United_Kingdom_of_Great_Britain_and_Ulster,United_Kingdon,United_Kingdoom,United_Kingom,United_kingom,United_Kingsom,United_States_of_Britain,UnitedKingdom,United–Kingdom,Untied_Kingdom,URESWNI,U–K,Verenigd_Koninkrijk,Y_Deyrnas_Unedig,Yeongguk,Yongguk,United_Kingdom_(U.K.)
11,next year,Next_Year,Next_Year
11,airports,airport#n#1,airdrome#n#1,aerodrome#n#1,drome#n#1,airport,aerodrome,aerodrome,airport,aerodrome,airport,aerodrome,airport,jetport,Airports,Airside_(airport),Airfields,Landside,Water_aerodrome,Air_strip,Commercial_airport,Aerodromes,Airstrips,Civil_airport,Public_airport,Airport_infrastructure,Air_field,jetport,Airport_transfers,Flugplatz,Small_airport,Airport_hot_spots,Water_airport,Aerfort,Aeropuerto,Air-sides,Air_port,Air_sides,Airfeild,Airline_destinations,Airpoprt,Airpoprts,Airporgt,Airport_fees,Airport_infrastucture,Airport_lighting,Airpot,Airsides,Auxiliary_Landing_Field,Civilian_airport,Land-side,Land-sides,Land_side,Land_sides,Landsides
12,stake,interest#n#5,stake#n#1
13,Virgin,virgin#n#1,virgin,virgin
13,objected,object#v#1,object
13,undercut,undercut#v#2
13,proposals,proposal#n#1
13,percent,percentage#n#1,percent#n#1,per_centum#n#1,pct#n#1,percentage,percentage,percent,percentage,percent,percentage,PCT,percent,Per_cent,Percentages,Centigraph,Per_cent.,per_centum,Procent
13,fares,fare#n#2,transportation#n#3,fare,fare,fare,fare,transportation,Fares,Transit_fares,Fare_collection,Farebox,Linked_trip,Transit_ticket,Transit_fare,Fare_box,Fare_boxes,Fareboxes,Reduced_fare,Subway_fares
14,utterly,absolutely#r#1,perfectly#r#1,utterly#r#1,dead#r#2
14,refused,refuse#v#1,decline#v#3
14,let,let#v#2
15,head,head#n#1,caput#n#2,head,head,head,caput,head,head,head_(anatomy),Cephalic,Heads,Cephalique,Kephalikos,Noddles
15,clash,clash#v#3,clash,clash
1,forced,force#v#8,force,force
2,call,call#v#11
2,call off,cancel#v#1,call_off#v#1,scratch#v#4,scrub#v#3,scrub
2,plans,plan#n#1,program#n#1,programme#n#6,plan,Program_management,plan,Program_management,plan,program,programme,Plans,plan,plan,plan,program,program_(management),Plans,Program_manager,Programme_management,P.L.A.N.,P._L._A._N.,P_L_A_N,plan,Program_Management
3,offer,propose#v#5,declare_oneself#v#1,offer#v#12,pop_the_question#v#1
3,kind,kind#n#1,sort#n#1,form#n#2,variety#n#5,kind,kind
3,right,right#n#1,Rights,rights,right,right,Rights,right,right,Rights_Ethics,Peoples'_rights,Rights_ethics,People's_rights,right,Right_by_birth
3,denied,disavow#v#1,abjure,abnegate,deny,disavow,disclaim,disown,reject,deny,disavow
4,offer,offer#v#1
4,hoping,hope#v#2,hope,hope
4,fare,fare#n#4,fare
4,one-way,one-way#a#1,one-way,uni-directional,one-way
4,regular,regular#a#1
5,fly,fly#v#2,fly,fly
5,fly on,fly_on#v#1
5,basis,basis#n#2,base#n#7,foundation#n#5,fundament#n#1,groundwork#n#1,cornerstone#n#1,basis_(linear_algebra),Basis,cornerstone,foundation,fundament,groundwork,basis,basis,Basis_vector,Basis_of_a_vector_space,Basis_vectors,Hamel_basis,Ordered_basis,basis_(mathematics),Vector_basis,basis_(vector_space),Vector_space_basis,Cone_basis,Linear_basis,Affine_basis,Coordinate_(vector_space),Hamel_bases,basis_(algebra),Algebraic_basis,Basis_element,Convex_basis,Linear_algebra/Basis_for_a_vector_space,Linear_Algebra/Basis_for_a_Vector_Space,basis(mathematics)
6,certainly,surely#r#1,certainly#r#1,sure#r#1,for_sure#r#1,for_certain#r#1,sure_enough#r#2,sure_as_shooting#r#1,certainly,for_certain,for_sure,sure,sure_as_shooting,sure_enough,surely,certainly
6,planning,plan#v#1,be_after#v#1,be_after,plan,plan
6,give up,abandon#v#2,give_up#v#2
7,continue,retain#v#2,continue#v#5,keep#v#10,keep_on#v#1
7,have to,have_to,must,have_to
7,Swiss,Swiss#n#1,Swiss_people#n#1,Swiss_people,Swiss_people,French_Swiss,Swiss,Swiss,Swiss,Swiss_(people),Swiss_Germans,Swiss_(nationality),French_Swiss,Swiss-Italian,Italian_Swiss,Fifth_Switzerland,Emigration_from_Switzerland,Alemannic_Swiss,Swiss_Italians,French-speaking_Swiss,Italian-speaking_Swiss,Swiss_German_people,Fifth_switzerland,German-speaking_Swiss,German_speaking_Swiss,Romands,Romansh-speaking_Swiss,Rumantsch_people,Swiss_expatriate,Swiss_French_people,Swiss_German_speakers,Swiss_identity,Swiss_Italian_people,Switzers
7,negotiating,negociate#v#6,negotiate#v#1,talk_terms#v#1,negotiate,negotiate
7,authorities,authority#n#2
8,British,Britons_(Celtic_people),Britons,British,Britons_(historical),Britons_(historic),Brython,Brythons,Ancient_Britons,Ancient_Briton,British_tribes,Brythonic_people,British_tribe,Britons_(Celtic_tribe),Britons_(ancient),British_tribal,British_(historic),British_ethnic_extraction,Brittani,Brittonic_Peoples,Brythonnic_people,Ethnic_Britons,Welsh/Britons,Brittani_(People_of_Britain)
8,earlier,sooner#r#1,earlier#r#2
8,year,year#n#1,twelvemonth#n#1,yr#n#1,year,year,an,year,twelvemonth,year,yr,Megaannum,mega-annum,Gigaannum,Ma_(unit),Kiloannum,gigayear,Tya,Giga-annum,Ga_(unit),Gregorian_year,Yearly,Exa-annum,Megaannus,Eclipse_year,Gigaanna,Megayear,Earth_year,Gigaannus,Earth_years,Annus,Kiloannus,525600,Draconitic_year,Dracontic_year,Ecliptic_year,Exaannum,Exayear,Gregorian_Year,Heliacal_year,Petaanna,Petayear,Terayear,The_year,The_Year,twelvemonth,TYA,Yaer,Year_duration,Yottayear,Zettayear
8,Branson,Branson_(surname)
8,launched,establish#v#1,set_up#v#1,found#v#1,launch#v#1,constitute,establish,found,institute,plant,set_up,launch,set_up
8,Richard Branson,Richard_Branson,Richard_Branson,Richard_Branson,Sir_Richard_Branson,Holly_Branson,Dick_Branson,Joan_Templeman,Ricahrd_Branson,Richard_Brandson,Richard_brandson,Richard_Bransen,Richard_branson,Sir_Richard_Charles_Nicholas_Branson,Virgin_volcanic
8,entrepreneur,entrepreneur#n#1,enterpriser#n#1,entrepreneur
9,fly,fly#v#2,fly,fly
9,London,London#n#1,Greater_London#n#1,British_capital#n#1,capital_of_the_United_Kingdom#n#1,London,Greater_London,Greater_London,London,London,Greater_London,London,London,Greater_London,London,_England,London,_United_Kingdom,London,_UK,London_UK,London_England,London's,Londra,London,_Great_Britain,London,England,Greater_London,_England,London,_U.K.,London_(region),The_Metropolis,London_area,Southwest_London,London_(England),Capital_of_England,Climate_of_London,capital_of_the_United_Kingdom,London_(United_Kingdom),London,_England,_United_Kingdom,London_weather,Capital_of_the_UK,Ceremonial_country_of_Greater_London,City_of_London,Climate_in_London,Climate_of_london,County_of_Greater_London,England_London,GBLON,Greater_London_administrative_area,Greater_London_ceremonial_country,Greater_London_county,Greater_London_Region,Greater_London_region,Leondeon,Llundain,Lodnon,LONDON,London,_Britain,London,_england,London,_England,_UK,London,_Greater_London,London-on-Thames,London_Britain,London_england,London_Region,London_region,Londonise,Londonize,Londonshire,Londontown,Londyn,Londýn,Lundein,Lundunir,Lundúnir,The_metropolis,UN/LOCODE:GBLON,United_Kingdom/London,Weather_in_London,Wongdon,London_(Britain),London_(Great_Britain),London_(UK)
9,services,service#n#1,service_(economics),service,service,Business_Services
9,intend,intend#v#2,destine#v#2,designate#v#5,specify#v#6,design,destine,intend,mean
10,offer,offer#n#1,offering#n#3,offering,offering
10,fare,menu#n#4,fare#n#1
10,set,put#v#1,set#v#1,place#v#1,pose#v#5,position#v#2,lay#v#1,lay,place,put,set,place,place
10,rejected,reject#v#1,abjure,abnegate,deny,disavow,disclaim,disown,reject,deny,reject,reject
10,allowed,let#v#1,allow#v#1,permit#v#2,allow,let,permit,allow
10,discount,dismiss#v#1,disregard#v#2,brush_aside#v#1,brush_off#v#1,discount#v#1,push_aside#v#2,ignore#v#2
10,right,ethics#n#2,moral_philosophy#n#1,ethics,ethics,ethics,ethics,ethics,Right_and_wrong,moral_philosophy,Ethical,Moral_philosopher,Unethical,moral_Philosophy,ethics_(philosophy),Ethical_standards,Ethical_theory,Ethical_issues,Ethical_system,Right_and_wrong,Military_ethics,Ethical_philosophy,Right_(ethics),Moral_questions,Ethical_standard,Ethical_imperative,Philosophy_of_morality,Moral_philosophers,Ehtics,ethic,Ethical,Ethical_demand,Ethically,Ethikos,moral_philosophy,moral_Philosophy,Philosophical_ethics,Postmodern_ethics,Right_and_Wrong,Un-ethical,Етика
10,return,tax_return#n#1,income_tax_return#n#1,return#n#1,income_tax_return,declaration
10,vowed,vow#v#1,vow
10,fight,contend#v#6,fight#v#1,struggle#v#4,fight,fight,fight,fight
11,Brussels,Bruxelles#n#1,Brussels#n#1,Belgian_capital#n#1,capital_of_Belgium#n#1,Brussels,City_of_Brussels,Brussels-Capital_Region,City_of_Brussels,Brussels,Brusselian,Brussels,Brussels_Capital_Region,Brussels,Brussels,_Belgium,Brussels-Capital_Region,Bruxelles,Brussels_Capital_Region,Brussel,Brussels_Region,Brussels-Capital_region,Brüssel,Brussels_(municipality),Brussels-Capital,Brussels_capital_region,Bruxelle,Brussels_Capital-Region,The_City_of_Brussels,capital_of_Belgium,Brussells,Région_de_Bruxelles-Capitale,Région_bruxelles-capitale,Brussels-City,Brusells,Brüssels,Bruselas,BEBRU,Bruessel,Bruessels,Brusels,Brusselian,Brussels,_BE,Brussels-capital_Region,Brussels-capital_region,Brussels_City,Brussels_Hoofdstedelijk_Gewest,Brussels_municipality,Brusselse_region,Brussles,Bruxelles-ville,Bruxelles-Ville,Bruxless,City_of_brussels,Region_Bruessel-Hauptstadt,Region_Brussel-Hauptstadt,Region_bruxelles-capitale,Region_Brüssel-Hauptstadt,Region_de_bruxelles-capital,Region_de_Bruxelles-Capitale,Region_de_bruxelles-capitale,Region_de_Bruxelles_Capitale,Région_de_bruxelles-capital,Région_de_bruxelles-capitale,Région_de_Bruxelles_Capitale,Stad_Brussel,The_city_of_Brussels,UN/LOCODE:BEBRU,Ville_de_Bruxelles,Ville_de_bruxelles
11,regional,regional#a#1,regional
11,year,year#n#3,year,year,solar_year,year,year,Megaannum,mega-annum,Gigaannum,Ma_(unit),Kiloannum,gigayear,Tya,Giga-annum,Ga_(unit),Gregorian_year,Yearly,Exa-annum,Megaannus,Eclipse_year,Gigaanna,Earth_year,Gigaannus,Earth_years,Annus,Kiloannus,525600,Draconitic_year,Dracontic_year,Ecliptic_year,Exaannum,Exayear,Gregorian_Year,Heliacal_year,Mega_Year,Petaanna,Petayear,Terayear,The_year,The_Year,TYA,Yaer,Year_duration,Yottayear,Zettayear
11,flying,fly#v#2,fly,fly
11,start,begin#v#3,lead_off#v#2,start#v#2,commence#v#2,begin,begin,begin,commence,lead_off,start,start,begin,commence,start,commence
11,hopes,hope#n#1
11,Britain,United_Kingdom#n#1,UK#n#1,U.K.#n#1,Britain#n#1,United_Kingdom_of_Great_Britain_and_Northern_Ireland#n#1,Great_Britain#n#1,United_Kingdom,United_Kingdom,Britain,Great_Britain,UK,United_Kingdom,United_Kingdom_of_Great_Britain_and_Northern_Ireland,Britain,UKoGBaNI,United_Kingdom,United_Kingdom_of_Great_Britain_and_Northern_Ireland,Britain,Great_Britain,U.K.,UK,United_Kingdom,United_Kingdom_of_Great_Britain_and_Northern_Ireland,UK,U.K.,United_Kingdom_of_Great_Britain_and_Northern_Ireland,The_United_Kingdom,Great_Britain_and_Northern_Ireland,U.K,The_UK,United_Kingdom_of_Britain,The_United_Kingdom_of_Great_Britain_and_Northern_Ireland,Vereinigtes_Königreich,United_Kingdom_(UK),United_Kingdom_of_Great_Britain_&_Northern_Ireland,Kingdom_of_Great_Britain_and_Northern_Ireland,British_state,British_State,British_United_Kingdom,Enguerue,Enguru,Etymology_of_the_United_Kingdom,Great_Britain_&_Ulster,Great_britain_and_northern_ireland,Great_Britain_and_Ulster,ISO_3166-1:GB,Regno_Unito,Royaume-Uni,Royaume_Uni,The_U-K,The_U.-K.,The_U._K.,The_U.K.,The_U.–K.,The_U_K,The_uk,The_United-Kingdom,The_United_Kingdom_of_Great_Britain_&_Ulster,The_United–Kingdom,The_U–K,TUKOGBANI,U-K,U.-K.,U._K.,U._K._G._B._N._I.,U.k.,U.K.G.B.N.I.,U.–K.,U_K,Uk,Uk.,UK_of_GB_&_NI,UK_of_GB_and_NI,UKGB,UKGBNI,UKGBR,UKia,UKOGBANI,UKoGBaNI,UN/LOCODE:TRANK,United-Kingdom,United_Kindgom,United_Kindom,United_kingdom,UNited_Kingdom,UNITED_KINGDOM,United_Kingdom's,United_Kingdom,,United_Kingdom_of_Great_Britain_&_Ulster,United_Kingdom_of_Great_Britain_and_North_Ireland,United_kingdom_of_great_britain_and_northern_ireland,United_Kingdom_of_Great_Britain_and_Northern_Island,United_Kingdom_of_Great_Britain_and_Ulster,United_Kingdon,United_Kingdoom,United_Kingom,United_kingom,United_Kingsom,United_States_of_Britain,UnitedKingdom,United–Kingdom,Untied_Kingdom,URESWNI,U–K,Verenigd_Koninkrijk,Y_Deyrnas_Unedig,Yeongguk,Yongguk,United_Kingdom_(U.K.)
11,next year,Next_Year,Next_Year
11,airports,airport#n#1,airdrome#n#1,aerodrome#n#1,drome#n#1,airport,aerodrome,aerodrome,airport,aerodrome,airport,aerodrome,airport,jetport,Airports,Airside_(airport),Airfields,Landside,Water_aerodrome,Air_strip,Commercial_airport,Aerodromes,Airstrips,Civil_airport,Public_airport,Airport_infrastructure,Air_field,jetport,Airport_transfers,Flugplatz,Small_airport,Airport_hot_spots,Water_airport,Aerfort,Aeropuerto,Air-sides,Air_port,Air_sides,Airfeild,Airline_destinations,Airpoprt,Airpoprts,Airporgt,Airport_fees,Airport_infrastucture,Airport_lighting,Airpot,Airsides,Auxiliary_Landing_Field,Civilian_airport,Land-side,Land-sides,Land_side,Land_sides,Landsides
12,stake,interest#n#5,stake#n#1
13,Virgin,virgin#n#1,virgin,virgin
13,objected,object#v#1,object
13,undercut,undercut#v#2
13,proposals,proposal#n#1
13,percent,percentage#n#1,percent#n#1,per_centum#n#1,pct#n#1,percentage,percentage,percent,percentage,percent,percentage,PCT,percent,Per_cent,Percentages,Centigraph,Per_cent.,per_centum,Procent
13,fares,fare#n#2,transportation#n#3,fare,fare,fare,fare,transportation,Fares,Transit_fares,Fare_collection,Farebox,Linked_trip,Transit_ticket,Transit_fare,Fare_box,Fare_boxes,Fareboxes,Reduced_fare,Subway_fares
14,utterly,absolutely#r#1,perfectly#r#1,utterly#r#1,dead#r#2
14,refused,refuse#v#1,decline#v#3
14,let,let#v#2
15,head,head#n#1,caput#n#2,head,head,head,caput,head,head,head_(anatomy),Cephalic,Heads,Cephalique,Kephalikos,Noddles
15,clash,clash#v#3,clash,clash
