1,tripling,triple#v#2,triple
1,revenues,tax_income#n#1,taxation#n#2,tax_revenue#n#1,revenue#n#2,tax_revenue,tax_revenue,revenue,Tax_revenues,revenue_(government)
1,expects,expect#v#1,anticipate#v#1,expect
2,marked,marked#a#2
3,come through,break_through#v#2,come_through#v#1
3,centre,Centre#n#1,Centre_(French_region),Centre_region,Centre,Centre,Centre_(French_region),Centre_(France),Centre_region,_France,Centre_Region,_France,Centre,_France,Region_Centre,Région_Centre,Centre_(région),Centre_-_Val_de_Loire,Region_Center,Region_du_Centre,Région_du_Centre,Center_(France),Centre,_(region),Centre_(region,_France),Centre_(region_francaise),Centre_(region_of_France),Centre_(région_française),Centre_(Val_de_Loire)
3,come,come#v#1,come_up#v#3,come,come_up
4,news,news#n#2,news,news,news,news,news,Current_events,News_report,Current_Issues_and_Events,Newsworthy,The_News,American_current_events,Australian_current_events,Australian_Current_Events,British_and_Irish_current_events,Currentevents,New_Zealand_current_events,News-crammed,News_crammed,news_media,Newses,Odd_news,United_States:Current_Events,United_States_current_events
4,conference,conference#n#3,group_discussion#n#1
4,told,tell#v#2,tell,tell,tell
4,news conference,press_conference#n#1,news_conference#n#1,news_conference,news_conference,news_conference,press_conference,news_conference,press_conference,Press_conferences,Joint_press_conference,Press_briefing,U.S._Presidential_news_conference,Media_conference,U.S._presidential_news_conference
5,rental agreements,lease#n#3,term_of_a_contract#n#1,lease,lease,Leasing,lease,lease,leasee,Leasing,Leases,Rental_agreement,Leased,Sub-tenant,Land_lease,Lease_agreement,Head_lease,Lease_contract,Sublets,Sub-let,Sub-letting,Tenancy_agreement,Ground_lease,Fermage,Tenancy_for_years,Subletting,Equipment_leasing,Affermage,Business_leasing,Equipment_Lease,Land_Lease,leasee,Leasor,Periodic_Tenancy,Sub-lease,Sublessor,Tenacy_agreements,Tenancy_agreements
5,agreements,agreement#n#1,understanding#n#2,agreement
5,convert,convert#v#9,win_over#v#1,convince#v#1,convince
5,seek,seek#v#1,seek
5,rental,rental#a#1
6,derives,deduce#v#1,infer#v#1,deduct#v#3,derive#v#1,derive,derive,deduce
6,revenues,tax_income#n#1,taxation#n#2,tax_revenue#n#1,revenue#n#2,tax_revenue,tax_revenue,revenue,Tax_revenues,revenue_(government)
7,tenants,tenant#n#1,renter#n#1,tenant,renter,tenant,renter
7,receives,receive#v#1,have#v#15,receive,receive,receive
8,joint,joint#a#1
8,joint venture,joint_venture#n#1,joint_venture,joint_venture,Joint-venture,Joint_ventures,Joint_adventure,Joint_venture_company,Joint_Ventures,Joint_partnership,Joint_development,Joint_Undertaking,Joint-ventures,Joint_investment,CJV,CJVs,Co-operative_joint_venture,Co-operative_joint_ventures,Cooperative_joint_venture,Cooperative_Joint_ventures,Corporate_joint_venture,joint_Venture
8,Mania,Venom_(comic_book),Mania_(comics),Venom:_Along_Came_A_Spider,Venom:_Carnage_Unleashed,Venom:_Deathtrap_-_The_Vault,Venom:_Enemy_Within,Venom:_Funeral_Pyre,Venom:_License_to_Kill,Venom:_License_To_Kill,Venom:_Nights_of_Vengeance,Venom:_On_Trial,Venom:_Sign_of_the_Boss,Venom:_Sinner_Takes_All,Venom:_The_Finale,Venom:_The_Hunger,Venom:_The_Hunted,Venom:_The_Mace,Venom:_The_Madness,Venom:_Tooth_and_Claw,Venom:_Deathtrap_-_The_Vault_(1993),Venom_(comic_book_series),Venom_(comic_books)
8,entered,enter#v#1,come_in#v#1,get_into#v#2,get_in#v#1,go_into#v#1,go_in#v#1,move_into#v#1,enter,enter,go_in,enter,enter,enter
8,venture,venture#n#1
8,Marvel,wonder#n#2,marvel#n#1,Marvel_Comics,Marvel_Comics,Marvel_Comic,Marvel.com,Marvel_Comics',Marvel_Holiday_Special,Marvel_Comics_Group,Marvel_comic,marvel_(magazine),House_of_Ideas,Marval_Comics,MARVEL,Marvel's,Marvel_Coimcs,Marvel_Comcis,Marvel_comics,Marvel_Publishing,_Inc.,Marvel_ReEvolution,Marvel_timeline,Marvel_Worldwide,_Inc.,Timely_Marvel_Comics,marvel_(timeline)
9,income,income,income,income,High_income,Earning_power,Incomes,Economic_income,Low-income_groups,Pre-fisc,Prefisc
9,provide,provide#v#2,supply#v#3,ply#v#1,cater#v#1,provide,furnish,provide,render,supply,provide,cater
9,guaranteed income,Basic_income,basic_income_guarantee,Basic_income_guarantee,Unconditional_basic_income,Universal_basic_income,Basic_income_grant,Basic_Income_Guarantee,Basic_Income,Citizen's_Income,Citizen’s_income,Free_basic_income_worldwide,Guaranteed_income,Sources_of_income,Unconditional_Basic_income,Universal_Basic_Income,Universal_Basic_income
10,spun,spin#v#2
10,spun off,spin_off#v#1
10,management,management#n#1,direction#n#5,administration,direction,management,management
10,Holdings,Holding_(aeronautics),Holding,Holding_(aviation),Holding_pattern,Hold_(aviation),Hold_pattern,Holding_Pattern
10,property,property_right#n#1,Property,property,Property,Properties,Property_rights,Properties,property_right,Land_owner,Property_(ownership_right),Right_to_own_property,Proprietary_right,Res_privata,Legal_property,Rights_to_property,Dominion,Freehold,private_property
10,property management,Property_management,property_management,Estate_management,Real_estate_management,Government-Furnished_Property,Estate_Management,Property_management_software,Estate_commissioner,Property_Management_Software,House_property_administration,House_property_management,Property_administration,Property_Management,Real_estate_administration
10,group,group#n#1,grouping#n#1,group,group,group,group_(sociology),group_(social)
10,November,November#n#1,Nov#n#1,November,November,November,November,November,31_November,9ber,Coyovembyote,Nobember,November_31,Novemeber,Noviembre,The_month_of_November,㋊
11,mall,promenade#n#2,mall#n#1,mall
11,shopping mall,plaza#n#2,mall#n#2,center#n#15,shopping_mall#n#1,shopping_center#n#1,shopping_centre#n#1,shopping_mall,The_Mall_(Cleveland),Cleveland_Mall,shopping_mall,mall,shopping_arcade,shopping_center,shopping_centre,shopping_mall,shopping_precinct,mall,shopping_center,shopping_mall,shopping_precinct,shopping_centre,shopping_center,Shopping_malls,shopping_arcade,Shopping_centers,Malls,Regional_mall,Shopping_centres,Super-regional_mall,Shopping_complex,shopping_Centre,shopping_precinct,Enclosed_mall,shopping_Center,Group_Plan,Super_regional_mall,Anchor_tenants,Shopping_parade,mall_(Cleveland),Indoor_mall,Outdoor_mall,Indoor_shopping_center,Shopping_Malls,Stand-alone_store,shopping_Arcade,Regional_malls,Indoor_shopping_mall,Camp_Creek_MarketPlace,Community_mall,Cleveland_mall,Group_Plan_of_1903,Outdoor_shopping_mall,Shopping_Centres,shopping_Mall,Stand-alone_stores,Stand_alone_store,Stand_alone_stores,Superregional,The_cleveland_mall,The_mall_cleveland
11,shopping,shop#v#1
12,lay,put#v#1,set#v#1,place#v#1,pose#v#5,position#v#2,lay#v#1,lay,place,put,set,place,place
12,entertainment,entertainment#n#1,amusement#n#2,entertainment,amusement,amusement,entertainment,entertainment,amusement,entertainment,amusement,entertainment,entertainment,Entertainers,General_entertainment,Entertaining,Entertain,Amuse,Amusements,Amused,Amusing,Media_&_Entertainment,Entertainments,Amuse,Amused,Amusements,Amuser,Amusers,Amuses,Amuses,Amusing,Amusingly,Entertained,Entertainedly,Entertainedness,Entertainingly,Entertainm'nt,Entertainments,Entertains,Over_entertain,Over_entertained,Over_entertaining,Over_entertainment,Over_entertains,Overentertain,Overentertained,Overentertaining,Overentertainment,Overentertains
12,mall,plaza#n#2,mall#n#2,center#n#15,shopping_mall#n#1,shopping_center#n#1,shopping_centre#n#1,shopping_mall,The_Mall_(Cleveland),Cleveland_Mall,shopping_mall,mall,shopping_arcade,shopping_center,shopping_centre,shopping_mall,shopping_precinct,mall,shopping_center,shopping_mall,shopping_precinct,shopping_centre,shopping_center,Shopping_malls,shopping_arcade,Shopping_centers,Malls,Regional_mall,Shopping_centres,Super-regional_mall,Shopping_complex,shopping_Centre,shopping_precinct,Enclosed_mall,shopping_Center,Group_Plan,Super_regional_mall,Anchor_tenants,Shopping_parade,mall_(Cleveland),Indoor_mall,Outdoor_mall,Indoor_shopping_center,Shopping_Malls,Stand-alone_store,shopping_Arcade,Regional_malls,Indoor_shopping_mall,Camp_Creek_MarketPlace,Community_mall,Cleveland_mall,Group_Plan_of_1903,Outdoor_shopping_mall,Shopping_Centres,shopping_Mall,Stand-alone_stores,Stand_alone_store,Stand_alone_stores,Superregional,The_cleveland_mall,The_mall_cleveland
12,lay in,store#v#1,hive_away#v#1,lay_in#v#1,put_in#v#2,salt_away#v#1,stack_away#v#1,stash_away#v#1,store,store,store,store
12,shopping mall,plaza#n#2,mall#n#2,center#n#15,shopping_mall#n#1,shopping_center#n#1,shopping_centre#n#1,shopping_mall,The_Mall_(Cleveland),Cleveland_Mall,shopping_mall,mall,shopping_arcade,shopping_center,shopping_centre,shopping_mall,shopping_precinct,mall,shopping_center,shopping_mall,shopping_precinct,shopping_centre,shopping_center,Shopping_malls,shopping_arcade,Shopping_centers,Malls,Regional_mall,Shopping_centres,Super-regional_mall,Shopping_complex,shopping_Centre,shopping_precinct,Enclosed_mall,shopping_Center,Group_Plan,Super_regional_mall,Anchor_tenants,Shopping_parade,mall_(Cleveland),Indoor_mall,Outdoor_mall,Indoor_shopping_center,Shopping_Malls,Stand-alone_store,shopping_Arcade,Regional_malls,Indoor_shopping_mall,Camp_Creek_MarketPlace,Community_mall,Cleveland_mall,Group_Plan_of_1903,Outdoor_shopping_mall,Shopping_Centres,shopping_Mall,Stand-alone_stores,Stand_alone_store,Stand_alone_stores,Superregional,The_cleveland_mall,The_mall_cleveland
12,premier,Premier_(Canada),premier_in_Canada,Canadian_premier,Premier_of_Canada
12,destination,Destination_(game)
12,transformation,transformation#n#4,transformation_(genetics),Transformation,transformation,Bacterial_transformation,Cellular_transformation,Cell_transformation,_viral,Transformation,_bacterial,Genetic_transformation,DNA_transfer,Cell_transformation,_neoplastic,transformation_(bacteria),Transformation,_genetic,Yeast_transformation
12,shopping,shop#v#1
13,virtual,virtual#a#1,practical#a#3
13,virtual reality,virtual_reality#n#1,virtual_reality,virtual_reality,Virtuality,virtual_reality,virtual_environment,virtual_environment,Virtuality,Virtual_environment,Virtual_environments,Virtual_space,Simulated_environment,3d_simulation,Computer-generated_environment,Computer-simulated_environment,Computer_simulated_environment,Neuron_Interactive_Virtual_Reality,Virtual_*_terms,virtual_Reality,virtual_reality_(VR)
13,centre,kernel#n#3,substance#n#2,core#n#4,center#n#5,centre#n#6,essence#n#1,gist#n#2,heart#n#5,heart_and_soul#n#1,inwardness#n#1,marrow#n#5,meat#n#3,nub#n#3,pith#n#2,sum#n#4,nitty-gritty#n#1,essence,essence,center,core,essence,gist,kernel,marrow,substance,essence,gist,heart_and_soul,pith,substance,essence,Essences,Essential_property,Essential_properties,Essence_and_Existence,Essence_and_existence,Essence_preceds_existence,Essences,Essense,Essential,Essentially,Essentials,Quintessence,Väsen_(filosofi)
13,reality,reality#n#2,realness#n#1,realism#n#2,reality,reality,realism,realism,reality,realness,reality,Realities,Raelity,Real,Realism,Realist,Realistic,Realities,REALITY,Reallity,Really,The_external_world
13,redesigning,redesign#v#1
13,SegaWorld,SegaWorld,Sega_World,Segaworld
13,installing,install#v#2,instal#v#2,install,install
13,invested,invest#v#1,put#v#5,commit#v#5,place#v#13,commit,invest,place,put,invest
14,redevelopment,renovation#n#1,redevelopment#n#1,overhaul#n#2,redevelopment,redevelopment,redevelopment,Redevelop,Redeveloped,Redevlop
14,relaunch,relaunch
14,pound,pound#n#1,lb#n#1,pound_(mass),pound,lb,pound,pound_(weight),Pounds_(mass),Tower_pound,Avoirdupois_pound,Pound-mass,Funt_(mass),International_avoirdupois_pound,Russian_pound,Pound_mass,Pound_avoirdupois,pound_(avoirdupois),Lbs.,pound_(unit_of_weight),British_Imperial_pound,Lb.,Lb_av,London_pound,London_Pound,Metric_pound,Metric_Pound,Pound-Mass,Pound_Avoirdupois,Pound_Mass,Pound_Troy,Tower_pounds,Us_pound,℔,pound_(Avoirdupois),pound_(Metric),pound_(metric),pound_(Metric_unit),pound_(metric_unit),pound_(Metric_Unit),pound_(troy),pound_(Troy),pound_(Weight)
14,Tuesday,Tuesday#n#1,Tues#n#1,Tuesday,Tuesday,Tuesday,Tues,Tuesday,Tuesdays,Day_of_Tīwaz,Martis_dies,Tiu's_Day,Tiw's_Day,Tiwes_daeg,Tiwes_dæg,Tue.,Tuefday,Twisday
15,generate,generate#v#1,bring_forth#v#1,generate,generate,generate,generate
15,revenues,tax_income#n#1,taxation#n#2,tax_revenue#n#1,revenue#n#2,tax_revenue,tax_revenue,revenue,Tax_revenues,revenue_(government)
15,retail,retail,retail
16,visitors,visitor_pattern,visitor_pattern,visitor_pattern,Visitor_(design_pattern),Visitor_design_pattern,visitor_Pattern,Visitor_technique,Visitors_pattern
16,convert,convert#v#1,change_over#v#2,change_over,convert,change_over,convert,change_over,convert,cast
17,expected,expect#v#1,anticipate#v#1,expect
17,revenues,tax_income#n#1,taxation#n#2,tax_revenue#n#1,revenue#n#2,tax_revenue,tax_revenue,revenue,Tax_revenues,revenue_(government)
17,retail,retail,retail
18,maturity,maturity#n#2,matureness#n#1,matureness,maturity
18,reach,reach#v#1,make#v#22,attain#v#4,hit#v#4,arrive_at#v#1,gain#v#4,reach,arrive,come,get,reach,arrive,arrive_at,get,hit,make
18,expects,expect#v#1,anticipate#v#1,expect
19,added,add#v#1,add,add,associate,combine,join,unite,add,join,add
1,tripling,triple#v#2,triple
1,revenues,tax_income#n#1,taxation#n#2,tax_revenue#n#1,revenue#n#2,tax_revenue,tax_revenue,revenue,Tax_revenues,revenue_(government)
1,expects,expect#v#1,anticipate#v#1,expect
2,marked,marked#a#2
3,come through,break_through#v#2,come_through#v#1
3,centre,Centre#n#1,Centre_(French_region),Centre_region,Centre,Centre,Centre_(French_region),Centre_(France),Centre_region,_France,Centre_Region,_France,Centre,_France,Region_Centre,Région_Centre,Centre_(région),Centre_-_Val_de_Loire,Region_Center,Region_du_Centre,Région_du_Centre,Center_(France),Centre,_(region),Centre_(region,_France),Centre_(region_francaise),Centre_(region_of_France),Centre_(région_française),Centre_(Val_de_Loire)
3,come,come#v#1,come_up#v#3,come,come_up
4,news,news#n#2,news,news,news,news,news,Current_events,News_report,Current_Issues_and_Events,Newsworthy,The_News,American_current_events,Australian_current_events,Australian_Current_Events,British_and_Irish_current_events,Currentevents,New_Zealand_current_events,News-crammed,News_crammed,news_media,Newses,Odd_news,United_States:Current_Events,United_States_current_events
4,conference,conference#n#3,group_discussion#n#1
4,told,tell#v#2,tell,tell,tell
4,news conference,press_conference#n#1,news_conference#n#1,news_conference,news_conference,news_conference,press_conference,news_conference,press_conference,Press_conferences,Joint_press_conference,Press_briefing,U.S._Presidential_news_conference,Media_conference,U.S._presidential_news_conference
5,rental agreements,lease#n#3,term_of_a_contract#n#1,lease,lease,Leasing,lease,lease,leasee,Leasing,Leases,Rental_agreement,Leased,Sub-tenant,Land_lease,Lease_agreement,Head_lease,Lease_contract,Sublets,Sub-let,Sub-letting,Tenancy_agreement,Ground_lease,Fermage,Tenancy_for_years,Subletting,Equipment_leasing,Affermage,Business_leasing,Equipment_Lease,Land_Lease,leasee,Leasor,Periodic_Tenancy,Sub-lease,Sublessor,Tenacy_agreements,Tenancy_agreements
5,agreements,agreement#n#1,understanding#n#2,agreement
5,convert,convert#v#9,win_over#v#1,convince#v#1,convince
5,seek,seek#v#1,seek
5,rental,rental#a#1
6,derives,deduce#v#1,infer#v#1,deduct#v#3,derive#v#1,derive,derive,deduce
6,revenues,tax_income#n#1,taxation#n#2,tax_revenue#n#1,revenue#n#2,tax_revenue,tax_revenue,revenue,Tax_revenues,revenue_(government)
7,tenants,tenant#n#1,renter#n#1,tenant,renter,tenant,renter
7,receives,receive#v#1,have#v#15,receive,receive,receive
8,joint,joint#a#1
8,joint venture,joint_venture#n#1,joint_venture,joint_venture,Joint-venture,Joint_ventures,Joint_adventure,Joint_venture_company,Joint_Ventures,Joint_partnership,Joint_development,Joint_Undertaking,Joint-ventures,Joint_investment,CJV,CJVs,Co-operative_joint_venture,Co-operative_joint_ventures,Cooperative_joint_venture,Cooperative_Joint_ventures,Corporate_joint_venture,joint_Venture
8,Mania,Venom_(comic_book),Mania_(comics),Venom:_Along_Came_A_Spider,Venom:_Carnage_Unleashed,Venom:_Deathtrap_-_The_Vault,Venom:_Enemy_Within,Venom:_Funeral_Pyre,Venom:_License_to_Kill,Venom:_License_To_Kill,Venom:_Nights_of_Vengeance,Venom:_On_Trial,Venom:_Sign_of_the_Boss,Venom:_Sinner_Takes_All,Venom:_The_Finale,Venom:_The_Hunger,Venom:_The_Hunted,Venom:_The_Mace,Venom:_The_Madness,Venom:_Tooth_and_Claw,Venom:_Deathtrap_-_The_Vault_(1993),Venom_(comic_book_series),Venom_(comic_books)
8,entered,enter#v#1,come_in#v#1,get_into#v#2,get_in#v#1,go_into#v#1,go_in#v#1,move_into#v#1,enter,enter,go_in,enter,enter,enter
8,venture,venture#n#1
8,Marvel,wonder#n#2,marvel#n#1,Marvel_Comics,Marvel_Comics,Marvel_Comic,Marvel.com,Marvel_Comics',Marvel_Holiday_Special,Marvel_Comics_Group,Marvel_comic,marvel_(magazine),House_of_Ideas,Marval_Comics,MARVEL,Marvel's,Marvel_Coimcs,Marvel_Comcis,Marvel_comics,Marvel_Publishing,_Inc.,Marvel_ReEvolution,Marvel_timeline,Marvel_Worldwide,_Inc.,Timely_Marvel_Comics,marvel_(timeline)
9,income,income,income,income,High_income,Earning_power,Incomes,Economic_income,Low-income_groups,Pre-fisc,Prefisc
9,provide,provide#v#2,supply#v#3,ply#v#1,cater#v#1,provide,furnish,provide,render,supply,provide,cater
9,guaranteed income,Basic_income,basic_income_guarantee,Basic_income_guarantee,Unconditional_basic_income,Universal_basic_income,Basic_income_grant,Basic_Income_Guarantee,Basic_Income,Citizen's_Income,Citizen’s_income,Free_basic_income_worldwide,Guaranteed_income,Sources_of_income,Unconditional_Basic_income,Universal_Basic_Income,Universal_Basic_income
10,spun,spin#v#2
10,spun off,spin_off#v#1
10,management,management#n#1,direction#n#5,administration,direction,management,management
10,Holdings,Holding_(aeronautics),Holding,Holding_(aviation),Holding_pattern,Hold_(aviation),Hold_pattern,Holding_Pattern
10,property,property_right#n#1,Property,property,Property,Properties,Property_rights,Properties,property_right,Land_owner,Property_(ownership_right),Right_to_own_property,Proprietary_right,Res_privata,Legal_property,Rights_to_property,Dominion,Freehold,private_property
10,property management,Property_management,property_management,Estate_management,Real_estate_management,Government-Furnished_Property,Estate_Management,Property_management_software,Estate_commissioner,Property_Management_Software,House_property_administration,House_property_management,Property_administration,Property_Management,Real_estate_administration
10,group,group#n#1,grouping#n#1,group,group,group,group_(sociology),group_(social)
10,November,November#n#1,Nov#n#1,November,November,November,November,November,31_November,9ber,Coyovembyote,Nobember,November_31,Novemeber,Noviembre,The_month_of_November,㋊
11,mall,promenade#n#2,mall#n#1,mall
11,shopping mall,plaza#n#2,mall#n#2,center#n#15,shopping_mall#n#1,shopping_center#n#1,shopping_centre#n#1,shopping_mall,The_Mall_(Cleveland),Cleveland_Mall,shopping_mall,mall,shopping_arcade,shopping_center,shopping_centre,shopping_mall,shopping_precinct,mall,shopping_center,shopping_mall,shopping_precinct,shopping_centre,shopping_center,Shopping_malls,shopping_arcade,Shopping_centers,Malls,Regional_mall,Shopping_centres,Super-regional_mall,Shopping_complex,shopping_Centre,shopping_precinct,Enclosed_mall,shopping_Center,Group_Plan,Super_regional_mall,Anchor_tenants,Shopping_parade,mall_(Cleveland),Indoor_mall,Outdoor_mall,Indoor_shopping_center,Shopping_Malls,Stand-alone_store,shopping_Arcade,Regional_malls,Indoor_shopping_mall,Camp_Creek_MarketPlace,Community_mall,Cleveland_mall,Group_Plan_of_1903,Outdoor_shopping_mall,Shopping_Centres,shopping_Mall,Stand-alone_stores,Stand_alone_store,Stand_alone_stores,Superregional,The_cleveland_mall,The_mall_cleveland
11,shopping,shop#v#1
12,lay,put#v#1,set#v#1,place#v#1,pose#v#5,position#v#2,lay#v#1,lay,place,put,set,place,place
12,entertainment,entertainment#n#1,amusement#n#2,entertainment,amusement,amusement,entertainment,entertainment,amusement,entertainment,amusement,entertainment,entertainment,Entertainers,General_entertainment,Entertaining,Entertain,Amuse,Amusements,Amused,Amusing,Media_&_Entertainment,Entertainments,Amuse,Amused,Amusements,Amuser,Amusers,Amuses,Amuses,Amusing,Amusingly,Entertained,Entertainedly,Entertainedness,Entertainingly,Entertainm'nt,Entertainments,Entertains,Over_entertain,Over_entertained,Over_entertaining,Over_entertainment,Over_entertains,Overentertain,Overentertained,Overentertaining,Overentertainment,Overentertains
12,mall,plaza#n#2,mall#n#2,center#n#15,shopping_mall#n#1,shopping_center#n#1,shopping_centre#n#1,shopping_mall,The_Mall_(Cleveland),Cleveland_Mall,shopping_mall,mall,shopping_arcade,shopping_center,shopping_centre,shopping_mall,shopping_precinct,mall,shopping_center,shopping_mall,shopping_precinct,shopping_centre,shopping_center,Shopping_malls,shopping_arcade,Shopping_centers,Malls,Regional_mall,Shopping_centres,Super-regional_mall,Shopping_complex,shopping_Centre,shopping_precinct,Enclosed_mall,shopping_Center,Group_Plan,Super_regional_mall,Anchor_tenants,Shopping_parade,mall_(Cleveland),Indoor_mall,Outdoor_mall,Indoor_shopping_center,Shopping_Malls,Stand-alone_store,shopping_Arcade,Regional_malls,Indoor_shopping_mall,Camp_Creek_MarketPlace,Community_mall,Cleveland_mall,Group_Plan_of_1903,Outdoor_shopping_mall,Shopping_Centres,shopping_Mall,Stand-alone_stores,Stand_alone_store,Stand_alone_stores,Superregional,The_cleveland_mall,The_mall_cleveland
12,lay in,store#v#1,hive_away#v#1,lay_in#v#1,put_in#v#2,salt_away#v#1,stack_away#v#1,stash_away#v#1,store,store,store,store
12,shopping mall,plaza#n#2,mall#n#2,center#n#15,shopping_mall#n#1,shopping_center#n#1,shopping_centre#n#1,shopping_mall,The_Mall_(Cleveland),Cleveland_Mall,shopping_mall,mall,shopping_arcade,shopping_center,shopping_centre,shopping_mall,shopping_precinct,mall,shopping_center,shopping_mall,shopping_precinct,shopping_centre,shopping_center,Shopping_malls,shopping_arcade,Shopping_centers,Malls,Regional_mall,Shopping_centres,Super-regional_mall,Shopping_complex,shopping_Centre,shopping_precinct,Enclosed_mall,shopping_Center,Group_Plan,Super_regional_mall,Anchor_tenants,Shopping_parade,mall_(Cleveland),Indoor_mall,Outdoor_mall,Indoor_shopping_center,Shopping_Malls,Stand-alone_store,shopping_Arcade,Regional_malls,Indoor_shopping_mall,Camp_Creek_MarketPlace,Community_mall,Cleveland_mall,Group_Plan_of_1903,Outdoor_shopping_mall,Shopping_Centres,shopping_Mall,Stand-alone_stores,Stand_alone_store,Stand_alone_stores,Superregional,The_cleveland_mall,The_mall_cleveland
12,premier,Premier_(Canada),premier_in_Canada,Canadian_premier,Premier_of_Canada
12,destination,Destination_(game)
12,transformation,transformation#n#4,transformation_(genetics),Transformation,transformation,Bacterial_transformation,Cellular_transformation,Cell_transformation,_viral,Transformation,_bacterial,Genetic_transformation,DNA_transfer,Cell_transformation,_neoplastic,transformation_(bacteria),Transformation,_genetic,Yeast_transformation
12,shopping,shop#v#1
13,virtual,virtual#a#1,practical#a#3
13,virtual reality,virtual_reality#n#1,virtual_reality,virtual_reality,Virtuality,virtual_reality,virtual_environment,virtual_environment,Virtuality,Virtual_environment,Virtual_environments,Virtual_space,Simulated_environment,3d_simulation,Computer-generated_environment,Computer-simulated_environment,Computer_simulated_environment,Neuron_Interactive_Virtual_Reality,Virtual_*_terms,virtual_Reality,virtual_reality_(VR)
13,centre,kernel#n#3,substance#n#2,core#n#4,center#n#5,centre#n#6,essence#n#1,gist#n#2,heart#n#5,heart_and_soul#n#1,inwardness#n#1,marrow#n#5,meat#n#3,nub#n#3,pith#n#2,sum#n#4,nitty-gritty#n#1,essence,essence,center,core,essence,gist,kernel,marrow,substance,essence,gist,heart_and_soul,pith,substance,essence,Essences,Essential_property,Essential_properties,Essence_and_Existence,Essence_and_existence,Essence_preceds_existence,Essences,Essense,Essential,Essentially,Essentials,Quintessence,Väsen_(filosofi)
13,reality,reality#n#2,realness#n#1,realism#n#2,reality,reality,realism,realism,reality,realness,reality,Realities,Raelity,Real,Realism,Realist,Realistic,Realities,REALITY,Reallity,Really,The_external_world
13,redesigning,redesign#v#1
13,SegaWorld,SegaWorld,Sega_World,Segaworld
13,installing,install#v#2,instal#v#2,install,install
13,invested,invest#v#1,put#v#5,commit#v#5,place#v#13,commit,invest,place,put,invest
14,redevelopment,renovation#n#1,redevelopment#n#1,overhaul#n#2,redevelopment,redevelopment,redevelopment,Redevelop,Redeveloped,Redevlop
14,relaunch,relaunch
14,pound,pound#n#1,lb#n#1,pound_(mass),pound,lb,pound,pound_(weight),Pounds_(mass),Tower_pound,Avoirdupois_pound,Pound-mass,Funt_(mass),International_avoirdupois_pound,Russian_pound,Pound_mass,Pound_avoirdupois,pound_(avoirdupois),Lbs.,pound_(unit_of_weight),British_Imperial_pound,Lb.,Lb_av,London_pound,London_Pound,Metric_pound,Metric_Pound,Pound-Mass,Pound_Avoirdupois,Pound_Mass,Pound_Troy,Tower_pounds,Us_pound,℔,pound_(Avoirdupois),pound_(Metric),pound_(metric),pound_(Metric_unit),pound_(metric_unit),pound_(Metric_Unit),pound_(troy),pound_(Troy),pound_(Weight)
14,Tuesday,Tuesday#n#1,Tues#n#1,Tuesday,Tuesday,Tuesday,Tues,Tuesday,Tuesdays,Day_of_Tīwaz,Martis_dies,Tiu's_Day,Tiw's_Day,Tiwes_daeg,Tiwes_dæg,Tue.,Tuefday,Twisday
15,generate,generate#v#1,bring_forth#v#1,generate,generate,generate,generate
15,revenues,tax_income#n#1,taxation#n#2,tax_revenue#n#1,revenue#n#2,tax_revenue,tax_revenue,revenue,Tax_revenues,revenue_(government)
15,retail,retail,retail
16,visitors,visitor_pattern,visitor_pattern,visitor_pattern,Visitor_(design_pattern),Visitor_design_pattern,visitor_Pattern,Visitor_technique,Visitors_pattern
16,convert,convert#v#1,change_over#v#2,change_over,convert,change_over,convert,change_over,convert,cast
17,expected,expect#v#1,anticipate#v#1,expect
17,revenues,tax_income#n#1,taxation#n#2,tax_revenue#n#1,revenue#n#2,tax_revenue,tax_revenue,revenue,Tax_revenues,revenue_(government)
17,retail,retail,retail
18,maturity,maturity#n#2,matureness#n#1,matureness,maturity
18,reach,reach#v#1,make#v#22,attain#v#4,hit#v#4,arrive_at#v#1,gain#v#4,reach,arrive,come,get,reach,arrive,arrive_at,get,hit,make
18,expects,expect#v#1,anticipate#v#1,expect
19,added,add#v#1,add,add,associate,combine,join,unite,add,join,add
