1,began,begin#v#4,begin
1,selling,sell#v#1,sell,sell,sell
1,tough,tough#a#1
1,budget,budget#n#1
2,announced,announce#v#1,denote#v#3,announce,enunciate,exclaim,proclaim,promulgate,announce
3,accused,accuse#v#1,impeach#v#3,incriminate#v#2,criminate#v#1,accuse,criminate,impeach,incriminate,accuse,incriminate,accuse
3,sleight of hand,prestidigitation#n#1,sleight_of_hand#n#1,sleight_of_hand,sleight_of_hand,legerdemain,sleight_of_hand,Sleight-of-hand,legerdemain,prestidigitation,Pass_(sleight_of_hand),Sleeving,Card_sleight,Card_sleights,Card_Sleights:_Close_Up,Ledgermain,Leger_de_Main,LEGERDEMAIN,Lightness_of_hand,Léger_de_main,Playing_with_the_hand,Presdigitation,Prestadigitation,sleight_of_Hand,Slight_of_hand
3,sleight,Sleight,Sleighted
3,hand,hand#n#1,manus#n#1,mitt#n#1,paw#n#2,hand,manus_(anatomy),hand,Manus,hand,hand,manus,manus_(zoology),Extensor_digiti_quinti_proprius,Hand_fracture,Hand_bones,Extensor_Carpi_Radialis_Longus,Hand_muscles,Dorsum_of_the_hands,Hand_joints,Hand_anatomy,ðŸ‘‹,ðŸ‘?,âœ‹,Heel_of_the_hand,Human_hand,Hand_deformities,Abductor_brevis,Abductor_longus,Anatomy_of_the_hand,Broken_hand,Carpi_radialis_brevis,Dorsum_of_hand,ECRB,ECRL_muscle,ECU_muscle,ED_muscle,Extensor_brevis_pollicis,Extensor_carpus_radialis_brevis,Extensor_carpus_radialis_longus,Extensor_carpus_ulnar,Extensor_digitorum_muscle_of_hands,Extensor_pollicis,Extensor_pollicis_longis,Extensores_carpi_radialis_longus,Finger_muscles,Hand_dorsum,Hand_fractures,Hand_heel,Human_hands,Intrinsic_hand_muscles,Ligaments_of_the_Hand,Muscles_of_the_hand,Opisthenar,Palm_of_hand,Palms_of_the_hands,Phalangeal_articulations_of_hand,Phalangeal_joints_of_hand,Small_muscles_of_the_hand,Thenal,Thenar_region,Extensor_digitorum_(hand),hand_(anatomy),Heel_(hand)
4,appeared,appear#v#2,appear,appear,appear,appear
5,needs,need#n#1,demand#n#5,need,need,need,demand,Needs,Human_need,Basic_requirement,Need_vs._Want,Needing
5,extra,excess#a#1,extra#a#1,redundant#a#1,spare#a#2,supererogatory#a#1,superfluous#a#2,supernumerary#a#1,surplus#a#1,extra,spare,superfluous,supernumerary,surplus,superfluous
5,votes,vote#n#2
6,Australia,Australia#n#1,Commonwealth_of_Australia#n#1,Australia,Australia,Australia,Australian,Commonwealth_of_Australia,Aussieland,Australia,Australian,Australo-,Commonwealth_of_Australia,Australia,Australia,Commonwealth_of_Australia,Australia's,Australian_Commonwealth,The_Commonwealth_of_Australia,Australia_(country),Austraila,Northeastern_Australia,Australian_mainland,Australias,Australian's,Australia.,Commonwealth_of_australia,Mainland_Australia,Subdivisions_of_Australia,Australie,Name_of_Australia,Asutralia,Ausrtalia,Aussieland,Austalia,Austrailia,Australai,AUSTRALIA,AustraliA,AUSTRALIAN,Australian,Australian_city_life,Australian_country_life,Australian_Empire,Australian_empire,Australian_geopolitics,Australian_Woman's_Day,Australien,Australiia,Australija,Australië,Australlia,Australo,Australo-,Australocentric,Australocentrism,Australocentrist,Austraya,Austrlaia,Austrlia,Bandaiyan,City_life_in_Australia,Commonwealth_Australia,Continental_Australia,Country_life_in_Australia,Dominion_of_Australia,Empire_of_Australia,Etymology_of_Australia,Federal_Australia,Geopolitics_of_Australia,Imperial_Australia,ISO_3166-1:AU,Kingdom_of_Australia,Modern_Australia,New_Australian,Orstraya,Oseuteureilia,Oseuteureillia,Ostralia,Osutureilia,Osutureillia,Pax_Australiana,Peace_of_Australia,Philosophy_in_Australia,Science_in_Australia,Southeast_Australia,Straya,Technology_in_Australia,United_States_of_Australia,Australia_(commonwealth),Australia_(Commonwealth),Australia_(Commonwealth_realm),Australia_(commonwealth_realm),Australia_(constitutional_monarchy),Australia_(dominion),Australia_(empire),Australia_(federation),Australia_(monarchy),Australia_(nation),Australia_(nation-state),Australia_(nation_state),Australia_(realm),Australia_(state)
6,blames,blame#v#1,fault#v#1,fault
6,years,year#n#1,twelvemonth#n#1,yr#n#1,year,year,an,year,twelvemonth,year,yr,Megaannum,mega-annum,Gigaannum,Ma_(unit),Kiloannum,gigayear,Tya,Giga-annum,Ga_(unit),Gregorian_year,Yearly,Exa-annum,Megaannus,Eclipse_year,Gigaanna,Megayear,Earth_year,Gigaannus,Earth_years,Annus,Kiloannus,525600,Draconitic_year,Dracontic_year,Ecliptic_year,Exaannum,Exayear,Gregorian_Year,Heliacal_year,Petaanna,Petayear,Terayear,The_year,The_Year,twelvemonth,TYA,Yaer,Year_duration,Yottayear,Zettayear
7,weakest,weakest
7,hurting,hurt#v#2,hurt,hurt,hurt
7,groups,group#n#1,grouping#n#1,group,group,group,group_(sociology),group_(social)
8,spending,spend#v#1,pass#v#10,pass,spend,pass,spend,pass,spend
8,preceded,predate#v#1,precede#v#1,forego#v#1,forgo#v#2,antecede#v#1,antedate#v#1,antecede,lead,precede,antedate
8,spending cuts,spending_cut#n#1
8,cuts,cut#n#19
9,get it,catch_on#v#1,get_wise#v#1,get_onto#v#1,tumble#v#7,latch_on#v#3,cotton_on#v#1,twig#v#2,get_it#v#1
9,chance,chance#n#3,chance
10,sliced,slit#v#1,slice#v#1,slice,slice,slit
11,failed,fail#v#1,neglect#v#2,fail
11,tough,tough#a#1
12,expected,expect#v#1,anticipate#v#1,expect
13,minor,minor#a#1
13,minor parties,Minor_party,Minor_party,Fringe_party,Political_fringe_movements,Minor_political_party
13,clear,clear#a#1
13,parties,party#n#1,political_party#n#1,political_party,political_party,party,political_party,party,political_party,Political_parties,party,Political_parties,Party_politics,Political_affiliation,Political_groups,Fraktion,Party_political,Politicial_party,Political_attitude,party_(politics),Party_member,Party_Political,Party_strength,Political_parti,political_Party,political_party,Political_party_functions
13,immediately,immediately#r#2,immediately
14,weakest,weakest
14,groups,group#n#1,grouping#n#1,group,group,group,group_(sociology),group_(social)
14,hurt,hurt#v#2,hurt,hurt,hurt
15,told,tell#v#2,tell,tell,tell
15,parliament,parliament#n#1,Parliament,parliamentary_legislature,Parliament,Parliamentary_government,Parliaments,National_parliament,Parlament,National_Parliament,Parliment,Cabinet-parliamentary,National_Parliaments,Parlaiment,Parliaments_of_Europe,Parliamnet,Parliarment
16,cut,cut#n#1,cut
16,revealed,uncover#v#1,bring_out#v#1,unveil#v#2,reveal#v#1
17,fended,fend#v#1
17,criticism,criticism#n#3,literary_criticism#n#1,literary_criticism,criticism,criticism,literary_criticism,literary_criticism,literary_criticism,criticism,Literary_studies,Book_reviewer,Literary_critics,Literary_analysis,Hypercriticism,Literary_critique,Hypocriticism,Literature_analysis,Literary_interpretation,Criticizing,Criticising,Book_reviewing,Constructive_critic,Crit_lit,Critcism,critic,Critical,Criticise,Criticisms,Criticize,Criticizes,Criticizing,Critics,Critisism,Lit_Crit,Literary_Critic,literary_critic,literary_Criticism,Literology,Picky
17,fended off,debar#v#2,forefend#v#1,forfend#v#1,obviate#v#2,deflect#v#1,avert#v#1,head_off#v#1,stave_off#v#1,fend_off#v#1,avoid#v#2,ward_off#v#1,avert,avert,fend_off,stave_off,ward_off,avert,stave_off
18,measures,measure#n#1,step#n#1,step
18,pass,travel_by#v#1,pass_by#v#1,surpass#v#3,go_past#v#1,go_by#v#2,pass#v#2,pass
20,century,century#n#1,century,century,century,century,yearhundred,Centenary,Centuries,Centennial_Day,Centenaries,Centennary,Centennials,Centuary,yearhundred
20,deficit,deficit#n#4,deficit
20,debt,debt#n#2,debt,debt,debt,debt,debt,Debts,Principal_sum,debt_(finance),Debt_reduction,Debt_finance,Principal_amount,Debt_poverty,Debt_punishment,Debts,Dunned,Dunners,Good_Debt,Net_debt,Nonfinancial_debt,debt_(economics)
21,feared,fear#v#1
