1,celebrity,celebrity#n#1,famous_person#n#1,celebrity,celebrity,celebrity,star,celeb,celebrity,star,Celebrities,Media_personality,TV_personality,Popstar,Television_Personality,Television_personalities,TV_Personality,Pop-star,Minor_celebrity,celeb,Local_celebrity,Pop_starlets,Famous_people,B-grade_celebrity,Media_celebrity,Celebs,Gossipress,Media_Personality,Media_tart,Megastars,Pop-Star,PopStar,Televison_personality,star_(celebrity)
1,foreign,foreign#a#1
1,chosen,choose#v#3,choose
1,president,President_of_the_United_States#n#1,United_States_President#n#1,President#n#2,Chief_Executive#n#1,President_of_the_United_States,President_of_the_United_States_of_America,chief_executive,President_of_the_United_States,U.S._President,United_States_President,US_President,Chief_Executive,President_of_the_United_States_of_America,POTUS,U.S._president,United_States_president,American_President,US_president,Presidency_of_the_United_States,President_of_United_States,U._S._President,President_of_the_USA,President_of_the_U.S.,U.S_President,U.S._Presidency,United_States_Presidency,The_President_of_the_United_States,American_president,U.S._presidency,President_(United_States),President_of_USA,The_President_of_the_United_States_of_America,United_States_presidency,USA_president,American_presidency,President_of_the_US,American_Presidency,Prime_Minister_of_the_United_States,Presidents_of_the_United_States_of_America,US_Presidency,P.O.T.U.S.,President_(US),Us_president,U.S._Presidential,President_the_United_States,Commander-in-Chief_of_the_United_States,Current_President_of_the_United_States,Governor-General_of_the_United_States,P.O.T.U.S,Potus,PotUS,Potusa,Potusoa,presidency,Presidency_of_the_united_states,Presidency_of_the_United_States_of_America,President-incumbent_of_the_United_States,President_of_America,President_of_the_u.s.,President_of_the_U.S.,President_of_the_united_States,President_of_the_united_states,President_of_The_United_States,President_Of_The_United_States,President_of_The_United_States_of_America,President_of_the_united_states_of_america,President_of_the_us,President_of_the_usa,President_of_us,President_of_usa,President_to_the_United_States,Presidential_Board,Presidential_Podiums,PresidentOfTheUnitedStates,Presidents_Of_The_United_States_Of_America,Presidents_of_United_States,Salary_of_the_President_of_the_United_States,The_President_of_the_Unied_States_of_America,The_president_of_the_United_States,The_President_of_USA,The_Presidents_Of_The_United_States_Of_America,The_US_president,U._S._President,U._S._president,U.S._administrations,U.S._President,U.S._president,Unelected_US_presidents,Unelected_US_Presidents,United_States/President,United_States/Presidents,United_States_head_of_government,United_States_head_of_state,United_states_presidency,United_States_President,United_States_Presidential_trivia,US_presidency,US_presidential,US_Prez,USA_President,President_(U.S.),President_(United_States_of_America),President_(USA)
2,image,image#n#1,mental_image#n#1,mental_image,mental_image,image,picture,image,picture,Mental_images,mental_Image,Mental_Imagery
2,aim,aim#n#3
2,elevate,promote#v#2,upgrade#v#3,advance#v#9,kick_upstairs#v#1,raise#v#14,elevate#v#1,elevate,advance,elevate,kick_upstairs,promote,promote,promote
3,new,new#a#1,new,new
3,sales promotion,sales_promotion#n#1,sales_promotion,sales_promotion,Special_offer,Advertising_Sales_Manager,Meal_Deal,sales_Promotion,Promotion_(sales)
3,broke,interrupt#v#4,break#v#1
3,broke with,break_with#v#1
3,corporate,corporate#a#1,corporate
3,tradition,traditionalism#n#1,traditionality#n#1,tradition,tradition,traditional,tradition,tradition,traditional,Traditions,Traditionally,Folk_custom,Folk_customs,traditionality,Philosophical_tradition,Time-honored,Time-honored_tradition,Time-honoured,Time_honored,Time_honoured,Timehonored,Timehonoured,traditional,Traditional-economic_term,Traditionalism,Traditionally,Traditions
3,sales,sale#n#1
3,foreigner,foreigner#n#1,alien#n#1,noncitizen#n#1,outlander#n#1,alien_(law),foreigner,alien,alien,foreigner,noncitizen,Resident_alien,Illegal_aliens,Nonresident_alien,Non-resident_alien,Non-citizens,Resident_aliens,Legal_alien,Non-citizen,Alienage,Alienages,foreigner_(Person)
3,promotion,promotion#n#1,publicity#n#1,promotional_material#n#1,packaging#n#2,promotion_(marketing),publicity,promotion,publicity,advertisement,advertising,promotion,advertisement,publicity,publicity,Self-promotion,Promotional_event,Promotional_tool,Product_promotion,Marketing_promotion,promotional_material,Self_promotion,Cheap_publicity,Media_attention,Product_Promotion,Publicities,Publicity_manager,Types_of_promotional_strategies
4,rare,rare#a#1
4,company,concern_(business),concern,company,concern,corporation,enterprise,firm,partnership,venture,company,Konzern
4,Japanese,Japanese#n#1,Nipponese#n#1,Japanese_language,Japanese,Japanese,Japanese,Modern_Japanese,Nihongo,Nipponese,Japanese_(language),Japanese-language,Nihongo,Standard_Japanese,Kokugogaku,Japanese_langauge,Modern_Japanese,Japanese_language_education,Nihonggo,Japanese_vocabulary,Modern_Standard_Japanese,ISO_639:ja,ISO_639:jpn,Japaneese_language,Japanese_Language,Japanese_words,JapaneseLanguage,Japanesie,Japanse_language,Japanses_language,Kokugo,Learn_Japanese,Moon-speak,Nihon_go,Nippongo,Riwen,The_Language_Of_Japan,ã?«ã?»ã‚“ã?”,æ—¥æœ¬èªž
4,photos,photograph#n#1,photo#n#1,exposure#n#7,picture#n#10,pic#n#2,photograph,photograph,photo,photograph,photo,photograph,picture,photo,Photos,Photographs,photo,Photos,Photographed,Still_photograph,Still_photo,Photographic_image,Archival_digital_print,Foto,Fotograf,Photo_stills,Photograoh
5,decided,decide#v#1,make_up_one's_mind#v#1,determine#v#5,decide,determine,decide,determine,make_up_one's_mind,decide
5,Wallace,Wallace#n#1,Sir_William_Wallace#n#1,William_Wallace,William_Wallace,William_Wallace,Sir_William_Wallace,Battle_of_elcho_park,Guillelmum_le_Walois,Guillelmum_le_Walois_de_Scotia,Guillelmum_le_Walois_de_Scotia_militem,Loudoun_Hill_Skirmish,Uilleam_Uallas,W._Wallace,Wallace's_Larder,Wallace,_William,William_walles,Willliam_wallace,Battle_of_Loudoun_Hill_(1297)
6,red,red#a#1,reddish#a#1,ruddy#a#2,blood-red#a#1,carmine#a#1,cerise#a#1,cherry#a#1,cherry-red#a#1,crimson#a#1,ruby#a#1,ruby-red#a#1,scarlet#a#1,red,blood-red,carmine,cherry,crimson,red,reddish,ruby,scarlet
6,poor,hapless#a#1,miserable#a#2,misfortunate#a#1,pathetic#a#1,piteous#a#1,pitiable#a#2,pitiful#a#3,poor#a#1,wretched#a#5,pathetic,piteous,pitiable,pitiful
6,past,past#a#1,past
6,struggling,fight#v#3,struggle#v#1,struggle
6,net,final#a#2,last#a#6,net#a#2,net
6,basis,footing#n#2,basis#n#1,ground#n#4,ground
6,demand,need#n#1,demand#n#5,need,need,need,demand,Needs,Human_need,Basic_requirement,Need_vs._Want,Needing
6,years,year#n#1,twelvemonth#n#1,yr#n#1,year,year,an,year,twelvemonth,year,yr,Megaannum,mega-annum,Gigaannum,Ma_(unit),Kiloannum,gigayear,Tya,Giga-annum,Ga_(unit),Gregorian_year,Yearly,Exa-annum,Megaannus,Eclipse_year,Gigaanna,Megayear,Earth_year,Gigaannus,Earth_years,Annus,Kiloannus,525600,Draconitic_year,Dracontic_year,Ecliptic_year,Exaannum,Exayear,Gregorian_Year,Heliacal_year,Petaanna,Petayear,Terayear,The_year,The_Year,twelvemonth,TYA,Yaer,Year_duration,Yottayear,Zettayear
6,group,group#n#1,grouping#n#1,group,group,group,group_(sociology),group_(social)
7,hoping,hope#v#2,hope,hope
7,approach,approach#n#1,attack#n#4,plan_of_attack#n#1,approach
8,distinguish,distinguish#v#3,mark#v#3,differentiate#v#2
8,capture,capture#v#2,enamour#v#1,trance#v#1,catch#v#23,becharm#v#2,enamor#v#1,captivate#v#1,beguile#v#2,charm#v#1,fascinate#v#3,bewitch#v#1,entrance#v#1,enchant#v#2,becharm,beguile,bewitch,captivate,capture,catch,charm,enamor,enamour,enchant,entrance,fascinate,trance,becharm,captivate,catch,beguile,captivate,fascinate
8,attention,attention#n#1,attending#n#1,attention,attention,attention,attention,Attend,Inattention,Focus_of_attention,attention_(psychology),Overt_attention,Attn,Concentration_of_the_mind,Covert_attention,Interested,Uninteresting,Interest_(attention)
9,promoting,advertise#v#2,advertize#v#1,promote#v#3,push#v#3,promote,advertise,promote,promote
9,new,new#a#1,new,new
9,compact,compact#a#1,compact
9,recreational vehicle,recreational_vehicle#n#1,RV#n#1,R.V.#n#1,recreational_vehicle,recreational_vehicle,camper,camper_van,campervan,camping_bus,caravanette,motor_caravan,motor_coach,motor_home,motorhome,recreational_vehicle,RV,recreational_vehicle,RV,RV,RV,Recreational_vehicles,Motor_homes,RVs,Rv,RV_lifestyle,R.V.,Grey_nomad,Motorcaravan,Auto_camper,R.v.,R_V,recreational_Vehicle,RV_Holding_Tanks,RV_Lifestyle,Toterhome,RV_(vehicle)
9,recreational,recreational#a#1,recreational
9,vehicle,vehicle#n#1,vehicle,vehicle,land_vehicle,vehicle,vehicle,Vehicles,Road_vehicle,Vehicular,land_vehicle,Automotives,Vehicle_type,Moving_Vehicles,Transportation_device,Types_of_vehicle,Types_of_vehicles,Vechile
10,relationship,relationship#n#1,human_relationship#n#1,Interpersonal_relationship,interpersonal_relationship,relationship,relationship,Companionship,connection,relationship,relationship,relationship,Interpersonal_relationships,Interpersonal,Companionship,Human_interaction,Interpersonal_relations,Human_relationships,Long-term_relationship,Inter-personal_relationships,Long_term_relationship,Interpersonal_conflict,human_relationship,Acquaintence,Aquaintance,Close_relationship,Companion,Companions,Interperson,Interpersonal_interaction,Interpersonal_Relationship,Relation,Relations,Relationship,Relationships
11,appear,appear#v#2,appear,appear,appear,appear
11,major,major#a#8
11,full-page,full-page#a#1,full-page
11,Japanese newspapers,Japanese_newspapers,Japanese_newspapers,Newspapers_in_Japan,Japanese_newspaper
11,Mazda,Mazda,Mazda,Mazda,Mazda_Motor_Corporation,Toyo_Kogyo,Mazda_Motor_Company,Mazda_RX,Mazda_Canada,Anfini,Enfini,Matsuda_Kabushiki-gaisha,Mazda_Group,Mazda_Motor,Mazda_Motor_Corp.,Mazda_Philippines,Miazder,The_Mazda_Motor_Corporation,Toyo-Koygo,Toyo_Industries,ãƒžãƒ„ãƒ€æ ªå¼?ä¼šç¤¾
11,newspapers,newspaper#n#1,paper#n#3,newspaper,newspaper,daily,daily_newspaper,evening_newspaper,evening_paper,gazette,newspaper,newspaper,Newspapers,daily_newspaper,Newspapers,Local_newspaper,National_newspaper,News_paper,evening_paper,Illustrated_newspaper,Print_news_media,Newspaper_journalism,Daily_paper,Morning_paper,evening_newspaper,Newspaper_articles,Afternoon_newspaper,Microdaily,News_sheet,National_Newspaper,📰,Afternoon_paper,gazette,Gazettes,Morning_newspaper,News-sheet,newspaper,Newspaper_Reading,Sunday_newspaper_supplement
11,advertisments,ad#n#1,advertisement#n#1,advertizement#n#1,advertising#n#1,advertizing#n#1,advert#n#1,advertising,advertising,advertisement,advertising,advertising,promotion,ad,advertisement,advertising,promotion,advertisement,promotion,advertisement,Advertisements,advert,Advertisers,Adverts,Newspaper_advertising,Advertise,Print_ad,Advertising_media,Advertised,Paid_media,Commercial_advertisement,Advertising_material,Adverting,Commercial_marketing,Advertisment,Manufactured_demand,Commercial_Message,Adverted,Advertises,Advertising_cliches,Advertising_materials,Advertize,Advertized,advertizement,Advertizements,Advertizes,advertizing,Alternative_advertising,Capitalist_propaganda,Commericals,Contemporary_advertising,Ethical_advertising,Ghost_ad,Ghost_branding,Glossy_brochure,History_of_advertising,Insidious_adverstising,Link_Randomization,Newspaper_advertisements,Non_traditional_advertising,Pervasive_advertising,Promotional_documents,Textual_ads,The_evolution_of_american_advertising,TYPES_OF_ADVERTISING
11,Japanese,Japanese#n#1,Nipponese#n#1,Japanese_language,Japanese,Japanese,Japanese,Modern_Japanese,Nihongo,Nipponese,Japanese_(language),Japanese-language,Nihongo,Standard_Japanese,Kokugogaku,Japanese_langauge,Modern_Japanese,Japanese_language_education,Nihonggo,Japanese_vocabulary,Modern_Standard_Japanese,ISO_639:ja,ISO_639:jpn,Japaneese_language,Japanese_Language,Japanese_words,JapaneseLanguage,Japanesie,Japanse_language,Japanses_language,Kokugo,Learn_Japanese,Moon-speak,Nihon_go,Nippongo,Riwen,The_Language_Of_Japan,ã?«ã?»ã‚“ã?”,æ—¥æœ¬èªž
13,spot,spot#n#2
13,top spot,Top_Spot_(film),Top_Spot,''Top_Spot''
14,carry,transport#v#2,carry#v#1,carry,carry,carry,carry
14,slogan,Slogan_(heraldry)
15,continue,retain#v#2,continue#v#5,keep#v#10,keep_on#v#1
15,appearing,appear#v#2,appear,appear,appear,appear
16,picture,mental_picture#n#1,picture#n#3,impression#n#3,mental_picture
16,full,full#a#1,full,full,full
17,States,United_States#n#1,United_States_of_America#n#1,America#n#1,the_States#n#1,US#n#1,U.S.#n#2,USA#n#1,U.S.A.#n#1,United_States,United_States_of_America,America,States,U.S.,U.S._of_A.,U.S.A.,United_States,United_States_of_America,USA,America,Americophile,States,United_States,United_States_of_America,Yankee_land,United_States,America,United_States,United_States_of_America,USA,United_States_of_America,U.S.,US,U.S.A.,The_United_States,U.S.A,U.S,The_United_States_of_America,The_US,The_USA,United_States_Of_America,United_states_of_America,U._S.,US_(country),The_U.S.,United_State_of_America,United_Sates,Unites_States,America_(United_States),Estados_Unidos,United_states_of_america,UnitedStates,U._S._A.,United-States,U.S.American,United_States_Of_Amerca,The_United_States_Of_America,Americophile,États-Unis,U.S.A.),(USA),United_States_of_America_(USA),Usa,EE.UU.,Untied_States_of_America,United_States_of_America.,United_States_America,EEUU,The_U.S.A.,America_(USA),Southern_dialect_of_America,The_United-States,Federal_United_States,US_of_America,America_(country),Stati_Uniti_d'America,Vereinigte_Staaten,America,_United_States_of,Americaland,American,American_Southern,American_United_States,Americans,Amerika_Hapjungguk,Amerka,Amurika,Amurka,Bandarikin,EE._UU.,EE_UU,Estados_unidos,Estados_Unidos_de_America,Estados_Unidos_de_América,Estaos_Unios,Estaos_Uníos,Estatos_Unitos,Etats-Unis,Etats-Unis_d'Amerique,Etymology_of_the_United_States,Federal_Republic_of_America,ISO_3166-1:US,Los_Estados_Unidos,Los_Estados_Unidos_de_America,Los_Estados_Unidos_de_América,Miguk,Name_of_the_United_States,Nited_States,South_of_America,States_of_America,THE_AMERICAN_UNITED_STATES,The_U-S,The_U-S-A,The_U.-S.,The_U.-S.-A.,The_U._S.,The_U._S._A.,The_U._S._of_A,The_U._S._of_America,The_U.S._of_A,The_U.S._of_America,The_U.–S.,The_U.–S.–A.,The_U_S,The_U_S_A,The_U_S_of_A,The_U_S_of_America,The_United_States,The_united_states_of_america,THE_UNITED_STATES_OF_AMERICA,The_United_States_of_America,The_United_States_of_America.,The_United–States,The_Unites_States_of_America,The_Us,The_US_of_A,The_US_of_America,The_US_of_america,The_Usa,The_U–S,The_U–S–A,These_United_States_of_America,TheStates,U,S,,U-S,U-S-A,U.-S.,U.-S.-A.,U._S._of_A,U._S._of_America,U.S.,U.S._A,U.S._America,U.S._OF_A,U.S._of_A,U.S._of_America,U.s.a.,U.S.A.,U.–S.,U.–S.–A.,U_S,U_S_A,U_S_of_A,U_S_of_America,Unietd_States,Unitd_states,Unite_states_of_america,United+States,United+States+of+America,United_Colonies_of_North-America,United_sates,United_Staets_of_America,United_state_of_america,United_Stated,United_states,UNITED_STATES,UNited_States,United_States/Introduction,UNITED_STATES_OF_AMERICA,United_States_of_America,United_States_of_America/Introduction,United_States_of_America/OldPage,United–States,Unitesd_states,Untied_States,US,US_America,US_and_A,US_of_A,Us_of_a,US_of_america,USA,USoA,USofA,U–S,U–S–A,V.S._America,V.S._Amerika,Verenigde_State,Verenigde_State_van_Amerika,VS_America,VS_Amerika,Yankee_land,États-Unis_d'Amérique,(US),America_(US),United_States_(country),United_States_(of_America),United_States_(U.S.),United_States_(U.S.A.),United_States_(US),United_States_of_America_(redirect),United_States_of_America_(U.S.A.)
17,cut,cut#v#1,cut,cut,cut,cut,cut
17,United States,United_States#n#1,United_States_of_America#n#1,America#n#1,the_States#n#1,US#n#1,U.S.#n#2,USA#n#1,U.S.A.#n#1,United_States,United_States_of_America,America,States,U.S.,U.S._of_A.,U.S.A.,United_States,United_States_of_America,USA,America,Americophile,States,United_States,United_States_of_America,Yankee_land,United_States,America,United_States,United_States_of_America,USA,United_States_of_America,U.S.,US,U.S.A.,The_United_States,U.S.A,U.S,The_United_States_of_America,The_US,The_USA,United_States_Of_America,United_states_of_America,U._S.,US_(country),The_U.S.,United_State_of_America,United_Sates,Unites_States,America_(United_States),Estados_Unidos,United_states_of_america,UnitedStates,U._S._A.,United-States,U.S.American,United_States_Of_Amerca,The_United_States_Of_America,Americophile,États-Unis,U.S.A.),(USA),United_States_of_America_(USA),Usa,EE.UU.,Untied_States_of_America,United_States_of_America.,United_States_America,EEUU,The_U.S.A.,America_(USA),Southern_dialect_of_America,The_United-States,Federal_United_States,US_of_America,America_(country),Stati_Uniti_d'America,Vereinigte_Staaten,America,_United_States_of,Americaland,American,American_Southern,American_United_States,Americans,Amerika_Hapjungguk,Amerka,Amurika,Amurka,Bandarikin,EE._UU.,EE_UU,Estados_unidos,Estados_Unidos_de_America,Estados_Unidos_de_América,Estaos_Unios,Estaos_Uníos,Estatos_Unitos,Etats-Unis,Etats-Unis_d'Amerique,Etymology_of_the_United_States,Federal_Republic_of_America,ISO_3166-1:US,Los_Estados_Unidos,Los_Estados_Unidos_de_America,Los_Estados_Unidos_de_América,Miguk,Name_of_the_United_States,Nited_States,South_of_America,States_of_America,THE_AMERICAN_UNITED_STATES,The_U-S,The_U-S-A,The_U.-S.,The_U.-S.-A.,The_U._S.,The_U._S._A.,The_U._S._of_A,The_U._S._of_America,The_U.S._of_A,The_U.S._of_America,The_U.–S.,The_U.–S.–A.,The_U_S,The_U_S_A,The_U_S_of_A,The_U_S_of_America,The_United_States,The_united_states_of_america,THE_UNITED_STATES_OF_AMERICA,The_United_States_of_America,The_United_States_of_America.,The_United–States,The_Unites_States_of_America,The_Us,The_US_of_A,The_US_of_America,The_US_of_america,The_Usa,The_U–S,The_U–S–A,These_United_States_of_America,TheStates,U,S,,U-S,U-S-A,U.-S.,U.-S.-A.,U._S._of_A,U._S._of_America,U.S.,U.S._A,U.S._America,U.S._OF_A,U.S._of_A,U.S._of_America,U.s.a.,U.S.A.,U.–S.,U.–S.–A.,U_S,U_S_A,U_S_of_A,U_S_of_America,Unietd_States,Unitd_states,Unite_states_of_america,United+States,United+States+of+America,United_Colonies_of_North-America,United_sates,United_Staets_of_America,United_state_of_america,United_Stated,United_states,UNITED_STATES,UNited_States,United_States/Introduction,UNITED_STATES_OF_AMERICA,United_States_of_America,United_States_of_America/Introduction,United_States_of_America/OldPage,United–States,Unitesd_states,Untied_States,US,US_America,US_and_A,US_of_A,Us_of_a,US_of_america,USA,USoA,USofA,U–S,U–S–A,V.S._America,V.S._Amerika,Verenigde_State,Verenigde_State_van_Amerika,VS_America,VS_Amerika,Yankee_land,États-Unis_d'Amérique,(US),America_(US),United_States_(country),United_States_(of_America),United_States_(U.S.),United_States_(U.S.A.),United_States_(US),United_States_of_America_(redirect),United_States_of_America_(U.S.A.)
17,cut into,dig#v#1,delve#v#1,cut_into#v#1,turn_over#v#4,dig
17,profit,profit#n#2,gain#n#2,behoof,benefit,gain,profit
17,sales,sale#n#1
18,domestic,domestic#a#2,domestic,domestic
18,expand,expand#v#1,spread_out#v#4,expand,expand
18,trying,test#v#1,prove#v#5,try#v#2,try_out#v#1,examine#v#5,essay#v#2,try,prove,try,try_out
18,soar,hang_glide#v#1,soar#v#2,soar
18,sales,sale#n#1
18,network,internet#n#1,net#n#1,cyberspace#n#1,Internet,cyberspace,cyberspace,Internet,computer_network,Internet,internet,net,network,cyberspace,Internet,Internet,cyberspace,Internet,internet,The_Internet,Internet-based,Internet_Directory,Public_Internet,Infonaut,Interweb,International_network,Global_Information_Infrastructure,Internet_blackout,Global_information_infrastructure,Net_culture,Internet_disruption,cyberspace,Digital_Highway,Facts_about_the_internet,I-net,Intarnut,Intarwebs,Inter-net,Inter-Net,Inter_net,Inter_Net,Interlec,InterNet,INTERNET,Internet_cutoff,Internet_failure,Internet_loss,Internet_outage,Internet_shutdown,Internett,Interpersonal_computing,Interwebz,Intrernet,Intternett,Intternnett,Itnernet,Misuse_of_the_Internet,Net_cultures,Public_concern_over_the_Internet,Significant_Internet_event,Significant_Internet_events,The_e-net,The_international_network,The_internet,The_Way_the_Internet_is_used_or_abused,TheInternet,Web_vs._Internet,Worldwide_internet
19,market,market#n#1,marketplace#n#1,market_place#n#2,market_(economics),market,global_market,market,marketplace,world_market,marketplace,Markets,global_market,Cattle_market,Market_size,Market_volume,Indoor_market,Economic_Market,Economic_market,Market_Types,Types_of_markets
19,costs,cost#n#1,cost,cost,cost,cost,cost,cost,Expenditures,Expensive,Metabolic_price,Authorization_for_Expenditure,Product_costing,Expendability,Cost_estimates,Private_cost,Metabolic_cost,Assessment_of_cost,Financial_cost,AFE_Approval_for_Expenditure,Approval_for_expenditure,Approval_for_Expenditure,Associated_cost,Authorization_for_expenditure,Costage,Costages,Costed,Costlier,Costliest,Dearly-won,Dearly_won,Dearlywon,Expend,Expendabilities,Expendably,Expended,Expenders,Expends,Expensiveness,Time-consuming,cost_(biology)
19,coming into,come_by#v#2,come_into#v#1,come_by
19,late,late#r#1,belatedly#r#1,tardily#r#2,belatedly,late,late,tardily
19,boom,Boom_and_bust,Boom_and_bust,Economic_boom,Building_boom,Boom_&_bust,Economic_booms,Boom-and-bust,Boom_(economic)
19,saw,see#v#1,see,behold,see,behold,see
19,operating costs,operating_expense#n#1,operating_cost#n#1,overhead#n#1,budget_items#n#1,operating_cost,overhead_(business),operating_expense,operating_cost,operating_expense,Overhead,overhead,oncost,operating_expense,overhead,Overhead_cost,Operating_expenses,Business_process_overhead,Operating_costs,Overheads,Travel_expenses,Operational_expenditure,Operational_costs,Overhead_expenses,Operational_expense,Administrative_overhead,Business_overhead,Business_overhead_expense,oncost,Operating_Expense_Control,Overhead_Costs,Revenue_expenditure,Revenue_expenditures,Travel_expense
19,failed,fail#v#1,neglect#v#2,fail
19,operating,operate#v#1,run#v#4,operate,run
19,profit,profit#v#2,turn_a_profit#v#1
19,sales,sale#n#1
19,coming,come#v#1,come_up#v#3,come,come_up
20,stake,interest#n#5,stake#n#1
20,increased,increase#v#1,increase
20,equity stake,equity#n#2,equity_(finance),Equity,equity,equity,ownership_equity,equity,equity,ownership_equity,Shareholders'_equity,Equity_investment,Equity_capital,Equity_stake,Shareholder's_equity,Risk_capital,Equity_financing,Owner's_equity,Shareholders'_Equity,Stockholder's_equity,Shareholder_Equity,Equity_investor,Full-stake,Investing_on_the_stock_market,Net_equity,Owners_equity,ownership_Equity,Residual_equity,Shareholder's_Equity,Shareholder_equity,Shareholders'_deficit,equity_(capital)
20,equity,equity#n#2,equity_(finance),Equity,equity,equity,ownership_equity,equity,equity,ownership_equity,Shareholders'_equity,Equity_investment,Equity_capital,Equity_stake,Shareholder's_equity,Risk_capital,Equity_financing,Owner's_equity,Shareholders'_Equity,Stockholder's_equity,Shareholder_Equity,Equity_investor,Full-stake,Investing_on_the_stock_market,Net_equity,Owners_equity,ownership_Equity,Residual_equity,Shareholder's_Equity,Shareholder_equity,Shareholders'_deficit,equity_(capital)
21,stake,stake#n#4,stakes#n#1,bet#n#1,wager#n#2,Betting_in_poker,Betting_in_poker,Betting_(poker),Pot_limit,Fixed_limit_(poker),no_limit_(poker),Fold_(poker),Spread_limit,Limit_poker,Fixed_limit,Bring-in_(poker),all_in_(poker),check_(poker),Bring-in,Open_(poker),Poker_table_stakes_rules,Poker_betting_structure,Straddle_(poker),Folding_(poker),Bring_in,Kill_Games,Poker/Betting_structure,Poker_bet,Poker_betting,Straddle_bet,bet_(poker),Calling_(poker),Checking_(poker),Raising_(poker)
21,raised,raise#v#1
22,Wallace,Wallace#n#1,Sir_William_Wallace#n#1,William_Wallace,William_Wallace,William_Wallace,Sir_William_Wallace,Battle_of_elcho_park,Guillelmum_le_Walois,Guillelmum_le_Walois_de_Scotia,Guillelmum_le_Walois_de_Scotia_militem,Loudoun_Hill_Skirmish,Uilleam_Uallas,W._Wallace,Wallace's_Larder,Wallace,_William,William_walles,Willliam_wallace,Battle_of_Loudoun_Hill_(1297)
22,Japan,Japan#n#2,Nippon#n#1,Nihon#n#1,Japan,Japan,Japan,State_of_Japan,Japan,Nippon,Japan,Japan,Nihon,Nippon,State_of_Japan,The_State_of_Japan,JPN,Japan_(country),Administrative_divisions_of_Japan,🗾,日本,Subdivisions_of_Japan,Ilbon,Modern–era_Japan,Archipelago_of_Japan,Etymology_of_Japan,Hapan,ISO_3166-1:JP,Ja-pan,JapaN,JAPAN,Japanese,Japanese_financial_sector,Japang,Japao,Japian,Japoa,Jpan,Nihon-koku,Nippon-koku,Republic_of_Japan,Riben,Rìběn,Yilbon,日本国,日本國
22,sent,send#v#2,send_out#v#1,send,send,send
23,showed,show#v#1,demo#v#1,exhibit#v#3,present#v#1,demonstrate#v#1,display,indicate,present,reveal,show,show,show
24,high,high#a#1,high,high,high
24,expectations,anticipation#n#4,expectation#n#2
25,comes,derive#v#5,come#v#18,descend#v#2,come,derive,descend
25,originally,originally#r#1
25,Scotland,Scotland#n#1,Scotland,Scotland,Scotland,Scotland,Scotland,Scotland,Scottland,Communications_in_Scotland,Ecosse,East_coast_of_Scotland,Scotland's,Auld_Country,Autonomous_Province_of_Scotland,H-Alba,Maps_of_scotland,North_Great_Britain,North_of_Great_Britain,Northern_Great_Britain,Schottland,Scot_Land,Scotchland,Scotia_minor,SCOTLAND,Scotland,_UK,Scotlander,Scotlanders,Scottish,Scottish_nation,Scottish_Nation,Skottland,Écosse
25,Edinburgh , Scotland,Edinburgh#n#1,Edinburgh,Edinburgh,Edinburgh,Edinburgh,Edinburgh,Edinburgh,_Scotland,City_of_Edinburgh,Din_Eidyn,Areas_of_Edinburgh,Eidyn,Capital_of_Scotland,Southside,_Edinburgh,Auld_Reekie,Edinbourgh,Dunedin,_Scotland,Edinburgh,_UK,Burgh_of_Edinburgh,Edinburgh,_United_Kingdom,Edinborough,Dùn_Èideann,Edingburgh,Edimburgh,Edinbrough,Areas_of_edinburgh,Athens_of_the_north,Caer_Eiddyn,Capital_city_of_scotland,Capital_of_scotland,City_of_Edinburgh,_Scotland,Dun_Edin,Dun_Eideann,Dùn_Éideann,Edimburgo,Edin-burgh,Edinbra,EDINBURGH,Edinburgh_City_Region,Edinburgh_Inspiring_Capital,Edinburgh_Navigator,Edinburrie,Eiddyn,Embra,Embro,Geography_of_Edinburgh,Inner_Edinburgh,Old_and_New_Towns_of_Edinburgh,Suburbs_of_Edinburgh,The_weather_in_Edinburgh,UN/LOCODE:GBEDI,City_of_Edinburgh_(council_area),City_of_Edinburgh_(local_government_district,_Lothian_region),Edinburgh,_City_of_(council_area),Edinburgh_(district),Edinburgh_(Scotland)
25,employed,use#v#1,utilize#v#1,utilise#v#1,apply#v#1,employ#v#1,apply,employ,use,utilise,utilize,use
26,joined,join#v#1,fall_in#v#3,get_together#v#4,fall_in,get_together,join,join
26,Ford,Ford#n#1,John_Ford#n#1,John_Ford,John_Ford,John_Ford_(director),John_Ford_(film_director),Argosy_Pictures,Cavalry_trilogy,Ford,_John,John_Ford_statue,John_Martin_O'Feeney,John_O'Feeney,Sean_Aloysius_O'Feeney,Sean_O'Feeney,Ford,_John_(1895-1973),John_Ford_(1895-1973)
27,running,run#v#1,run,run
27,distressed,stressed#a#1,distressed#a#3,distressed
27,succeed,succeed#v#1,win#v#4,come_through#v#4,bring_home_the_bacon#v#1,deliver_the_goods#v#1,succeed,come_through,succeed,win,succeed
27,company,company#n#1,company,company,company,concern,corporation,enterprise,firm,partnership,venture,firm,company_(law),Companies,Registered_company,Incorporated_company,And_co.,And_company,And_sons,Campany,Cmpany,Comapnies,Comapny,Compagnie,Compagnies,Compnay,Registered_Companies,Your_company,ã?‡,company_(legal)
