1,Philippines,Philippines#n#1,Republic_of_the_Philippines#n#1,Philippines,Philippines,Philippines,Republic_of_the_Philippines,Philippine_Islands,Philippines,Republic_of_the_Philippines,Philippines,Philippines,Republic_of_the_Philippines,The_Philippines,Philippine,Republic_of_the_Philippines,Philippine_Archipelago,Philippine_archipelago,Philippine_islands,Republic_of_Philippines,Phillipines,Department_of_Health-Center_for_Health_Development,Philipines,The_Republic_of_the_Philippines,Philippines_archipelago,Philippine_republic,Filipines,Etymology_of_the_Philippines,Feilvbin,Filippines,Fillipines,Fillippines,Islas_de_Filipinas,Islas_Filipinas,ISO_3166-1:PH,Las_Islas_Filipinas,Legazpi_Boulevard,Lu_Sung,Philiphines,Philipine,Philippenes,Philippinan,PHILIPPINE,PHILIPPINES,Philippines_Colonial_History,Philippines_Republic,Phillipenes,Phillipine,Phillippenes,Phillippine,Phillippines,Pilipinas,Regional_population_of_the_Philippines,Republika_ng_Pilipinas,The_Philipines,The_Phillipines,The_Phillippines,Pinas_(country)
2,Philippines,Philippines#n#1,Republic_of_the_Philippines#n#1,Philippines,Philippines,Philippines,Republic_of_the_Philippines,Philippine_Islands,Philippines,Republic_of_the_Philippines,Philippines,Philippines,Republic_of_the_Philippines,The_Philippines,Philippine,Republic_of_the_Philippines,Philippine_Archipelago,Philippine_archipelago,Philippine_islands,Republic_of_Philippines,Phillipines,Department_of_Health-Center_for_Health_Development,Philipines,The_Republic_of_the_Philippines,Philippines_archipelago,Philippine_republic,Filipines,Etymology_of_the_Philippines,Feilvbin,Filippines,Fillipines,Fillippines,Islas_de_Filipinas,Islas_Filipinas,ISO_3166-1:PH,Las_Islas_Filipinas,Legazpi_Boulevard,Lu_Sung,Philiphines,Philipine,Philippenes,Philippinan,PHILIPPINE,PHILIPPINES,Philippines_Colonial_History,Philippines_Republic,Phillipenes,Phillipine,Phillippenes,Phillippine,Phillippines,Pilipinas,Regional_population_of_the_Philippines,Republika_ng_Pilipinas,The_Philipines,The_Phillipines,The_Phillippines,Pinas_(country)
3,staff,staff#n#6,stave#n#1,staff_(music),staff,staff,stave,staff,stave,Musical_staff,Staff_position,Staff_notation,Grand_staff,Musical_stave,Staff_lines,Brace_(music),staff_(musical),System_(music),Grand_stave,Accollatura,Grand_Staff,Great_staff,Music_staff,Musical_Staff,Staff_system,í„š,ð?„”,ð?„•,ð?„–,ð?„—,ð?„˜,ð?„™,ð?„š,ð?„›,Bracket_(music),stave_(music)
3,reducing,reduce#v#2
3,levels,grade#n#2,level#n#2,tier#n#1,level
4,current,current#a#1,current
4,double,double#v#1,duplicate#v#4,double,double,double
4,aimed,aim#v#6
4,employees,employee#n#1,employee,employee
5,capital,capital#n#1,working_capital#n#1,capital_(economics),financial_capital,working_capital,financial_capital,working_capital,capital_(economics),capital,real_capital,capital,financial_capital,real_capital,working_capital,capital,working_capital,Investment_capital,Capital_flows,Foreign_capital,Capital_maintenance,Capital_flow,Starting_capital,capital_(money),real_capital,Business_capital,Capital_Stock,Net_Working_Capital,Theory_of_capital,Capital_finance,Captive_capital,Finance_Capital,Net_working_capital,Operating_Capital,working_Capital,Working_capital_deficiency,capital_(Futures)
5,increased,increase#v#1,increase
6,expanding,elaborate#v#1,lucubrate#v#1,expatiate#v#1,exposit#v#2,enlarge#v#4,flesh_out#v#2,expand#v#6,expound#v#1,dilate#v#2,elaborate,expatiate
6,new,new#a#1,new,new
6,operations,operation#n#1
6,treasury,treasury#n#2,HM_Treasury,Treasury,HM_Treasury,treasury,Treasury,Her_Majesty's_Treasury,UK_Treasury,H.M._Treasury,Royal_Treasury,British_Treasury,Treasury_of_the_United_Kingdom,Royal_treasury,National_Treasury,UK_Exchequer,The_treasury,Treasury_(UK),His_Majesty's_Treasury,Treasure_houses,UK_treasury
6,plans,plan#v#1,be_after#v#1,be_after,plan,plan
6,introduce,introduce#v#5
6,installing,install#v#1,instal#v#1,put_in#v#4,set_up#v#9
6,products,merchandise#n#1,ware#n#2,product#n#1,product_(business),product,product,merchandise,product,ware,product,product,merchandise,Product_model,Commercial_products,Commercial_product,product_(economics),Merch,product_(industry),Product_usage,Model_(product),Model_number,Paraphonlia,Subproduct,product_(economy)
7,compete,compete#v#1,vie#v#1,contend#v#5,compete
7,cost,cost#n#1,cost,cost,cost,cost,cost,cost,Expenditures,Expensive,Metabolic_price,Authorization_for_Expenditure,Product_costing,Expendability,Cost_estimates,Private_cost,Metabolic_cost,Assessment_of_cost,Financial_cost,AFE_Approval_for_Expenditure,Approval_for_expenditure,Approval_for_Expenditure,Associated_cost,Authorization_for_expenditure,Costage,Costages,Costed,Costlier,Costliest,Dearly-won,Dearly_won,Dearlywon,Expend,Expendabilities,Expendably,Expended,Expenders,Expends,Expensiveness,Time-consuming,cost_(biology)
7,low,low#a#1
7,manufacturing,manufacture#v#1,fabricate#v#1,construct#v#2,construct,fabricate,manufacture,manufacture,fabricate,manufacture
7,centre,Research_and_development,research_and_development,R&D,Research_&_development,Research_&_Development,Technology_development,R_&_D,Research-and-development,Research,_development_and_demonstration,R&D&I,R_and_D,R+D,Reasearch_and_Development,RD&D,Joint_R&D,R&_D,R&D_alliance,R&d_departament,Research&development,Research,_demonstration_and_development,Research_and_co-development,Research_and_Development,Research_and_development_and_innovation,Centre_(research)
8,unparalleled,alone#a#4,unique#a#1,unequaled#a#1,unequalled#a#1,unparalleled#a#1
9,leader,leader#n#1,boss,chief,director,head,leader,leader
9,wanted,desire#v#1,want#v#1,want,want
10,be active,be_active#v#1,move#v#6
10,instruments,Financial_instrument,financial_instrument,Financial_instruments,Instrument_(finance),Liquid_financial_instrument
10,active,active#a#1,active
10,derivative,derivative#a#1
10,derivative instruments,derivative_instrument#n#1,derivative#n#3,derivative_(finance),derivative,derivative,derivative_instrument,Financial_derivatives,Financial_derivative,Derivative_contract,Derivatives_trading,Derivatives_pricing,Contingent_claims,Macro_derivative,Derivative_securities,Derivative_products,Embedded_derivative,Derivative_security,Contingent_claim,Contingent_Claims,Derivatives_analysis,Financial_Derivative,Financial_Derivatives,Finanical_derivative,Insurance_derivatives,Macro_derivatives,derivative_(business),derivative_(security)
11,left,leave#v#2
11,left behind,leave_behind#v#1
11,competition,competition#n#1,competition_(economics),competition,economic_competition,competition,Market_competition,Competitive_market,economic_competition,Business_competition,Potential_competition,Pure_Competition
11,sector,sector#n#2,economic_sector,economic_sector,economic_sector,Economic_sectors,sector_(economic),sector_(economics),Subsector,sector_(economy),Sectors_of_the_economy,Sub_sector,Sub_sectors,Subsectors
11,banking,bank#v#1,bank,roll,bank
12,ensure,guarantee#v#2,ensure#v#1,insure#v#2,assure#v#1,secure#v#4,ensure
12,embarked,embark#v#1,ship#v#3,embark,ship
12,programme,program#n#5,programme#n#1,programme_(booklet),programme,Souvenir_programme,Event_programme,Souvenir_program,Event_program,Souvenir_programs,Souvenir_Program,Souvenir_Programme,Souvenir_Programs,Wedding_program,program_(booklet)
12,expansion,expansion#n#1,enlargement#n#1,expansion,enlargement,expansion,enlargement,enlargement,expansion,expansion,expansion,expansion_(economics)
13,take on,undertake#v#2,tackle#v#1,take_on#v#3
13,risks,risk#n#2,peril#n#3,danger#n#2,danger,peril,risk,risk
13,tempted,entice#v#1,lure#v#1,tempt#v#2,entice,lure,tempt
14,capable,capable#a#1
14,managing,pull_off#v#3,negociate#v#1,bring_off#v#1,carry_off#v#1,manage#v#1,manage,do,manage,manage,pull_off
15,renewed,regenerate#v#1,renew#v#1,renew
15,largely,largely#r#1,mostly#r#1,for_the_most_part#r#1,largely,mostly
15,responsible,responsible#a#1
15,responsible for,responsible#a#2,responsible_for#a#1,responsible,responsible
15,sense,sense#n#1,sense,sense
16,introduced,precede#v#5,preface#v#1,premise#v#2,introduce#v#9
16,law,law#n#1,jurisprudence#n#2,law,law,law,law,law,Legal,Legal_theory,Legal_battle,Lawful,Legally,Juridical_system,Lawmaking,Legal_concept,Illegality,Law_system,Legal_rule,System_of_law,Law_making,Legal_institutions,Principles_of_law,Branch_of_law,Filed_suit,Irreligious_law,Just_law,Law-abiding,Law-like,Law-making,Law_-_LL.B,Law_and_crime,Law_like,Lawful,Lawfully,Lawfulness,Lawlike,Lawp,Laws,Legal,Legal_activity,Legal_battles,Legal_prescription,legislation,Legislative_system,Secular_laws,Temporal_law,Unjust_law
16,banking law,Bank_regulation,Bank_regulation,Banking_regulation,Banking_law,Bank_supervision,Banking_regulations,Bank_law,Bank_regulations,Banking_Regulation,Banking_supervision,Financial_services_law
16,banking,bank#v#5
17,prevent,prevent#v#1,forestall#v#1,foreclose#v#1,preclude#v#1,forbid#v#2,keep,prevent,forestall,prevent,forestall,preclude,prevent,prevent
17,take to,take_to#v#2
17,problems,problem#n#1,job#n#8,problem,problem,problem,problem,problem,Problem_Management,dilemma,nuisance,Problematical,Problems
18,arguing,argue#v#3,indicate#v#4,argue,argue
18,strength,strength#n#1,strength
18,bullish,bullish#a#1
18,Philippines,Philippines#n#1,Republic_of_the_Philippines#n#1,Philippines,Philippines,Philippines,Republic_of_the_Philippines,Philippine_Islands,Philippines,Republic_of_the_Philippines,Philippines,Philippines,Republic_of_the_Philippines,The_Philippines,Philippine,Republic_of_the_Philippines,Philippine_Archipelago,Philippine_archipelago,Philippine_islands,Republic_of_Philippines,Phillipines,Department_of_Health-Center_for_Health_Development,Philipines,The_Republic_of_the_Philippines,Philippines_archipelago,Philippine_republic,Filipines,Etymology_of_the_Philippines,Feilvbin,Filippines,Fillipines,Fillippines,Islas_de_Filipinas,Islas_Filipinas,ISO_3166-1:PH,Las_Islas_Filipinas,Legazpi_Boulevard,Lu_Sung,Philiphines,Philipine,Philippenes,Philippinan,PHILIPPINE,PHILIPPINES,Philippines_Colonial_History,Philippines_Republic,Phillipenes,Phillipine,Phillippenes,Phillippine,Phillippines,Pilipinas,Regional_population_of_the_Philippines,Republika_ng_Pilipinas,The_Philipines,The_Phillipines,The_Phillippines,Pinas_(country)
18,years,year#n#1,twelvemonth#n#1,yr#n#1,year,year,an,year,twelvemonth,year,yr,Megaannum,mega-annum,Gigaannum,Ma_(unit),Kiloannum,gigayear,Tya,Giga-annum,Ga_(unit),Gregorian_year,Yearly,Exa-annum,Megaannus,Eclipse_year,Gigaanna,Megayear,Earth_year,Gigaannus,Earth_years,Annus,Kiloannus,525600,Draconitic_year,Dracontic_year,Ecliptic_year,Exaannum,Exayear,Gregorian_Year,Heliacal_year,Petaanna,Petayear,Terayear,The_year,The_Year,twelvemonth,TYA,Yaer,Year_duration,Yottayear,Zettayear
19,think,think#v#1,believe#v#2,consider#v#6,conceive#v#2,account,believe,deem,esteem,guess,hold_in_opinion,imagine,judge,opine,reckon,regard,suppose,think,think,consider,deem,judge,think
19,system,system#n#1
20,signs,semiotics#n#1,semiology#n#1,semiotics,semiotics,semiology,semiotics,semiology,semiotics,sign,semiotics,Semiotic,semiology,Semeiotic,Semiologist,Semiological,Semioticians,Theoretical_semiotics,Semeiotics,Semiotically,Semiotic_Theory,Symbol_(semiotics),Semeiology,Semiologic,Semiologically,Semiologician,Semiologicians,Semiologies,Semiologistic,Semiologists,Semionarrative,semiosis,Semiotic,Semiotic_mediation,Semiotic_studies,Semiotical,Semiotist,Icon_(semeiotic),Index_(semeiotic),Index_(semiotics),sign_(semeiotic),Symbol_(semeiotic)
20,saw,interpret#v#1,construe#v#1,see#v#24,construe,see
20,said,state#v#1,say#v#1,tell#v#1,tell,say,tell,say,say,say,say,state
21,suggested,hint#v#1,suggest#v#2,hint,suggest,suggest,suggest
21,measure,measure#n#1,step#n#1,step
22,expanding,expand#v#1,spread_out#v#4,expand,expand
22,explosively,explosively#r#1
22,steadily,steadily#r#1
22,saw,saw#n#2,musical_saw,musical_saw,musical_saw,saw,Singing_saw,Musical_saws,Janeen_Rae_Heller,musical_Saw,Saw_player,saw_(instrument)
23,expressed,express#v#7,express
23,concern,company#n#1,company,company,company,concern,corporation,enterprise,firm,partnership,venture,firm,company_(law),Companies,Registered_company,Incorporated_company,And_co.,And_company,And_sons,Campany,Cmpany,Comapnies,Comapny,Compagnie,Compagnies,Compnay,Registered_Companies,Your_company,ã?‡,company_(legal)
24,fact,fact#n#1,fact
24,systems,System,system,sub-system,subsystem,System,system,System,Systems,subsystem,Subsystems,sub-system,Complex_system,Complex_systems,Referent_system,Systematic,Systematical,Systematically,Systems,Systems_concept
24,deregulation,deregulation#n#1,deregulating#n#1,deregulation,deregulation,deregulation,Deregulated,Financial_deregulation,Deregulate,deregulating,Banking_deregulation,Deregulation_in_the_United_States,Deregulation_in_United_States,Governmental_deregulation
24,rapid,rapid#a#1
24,seen in,see_in
24,seen,see#v#1,see,behold,see,behold,see
25,getting to,get_to#v#2
25,getting to the point,get_to_the_point
25,point,degree#n#2,level#n#3,stage#n#2,point#n#5
26,lot,lot#n#2,Land_lot,Land_lot,lot,lot,lot_(real_estate),lot_(area),House_lot,Empty_lot,Tract_of_land
26,taking on,assume#v#3,acquire#v#2,adopt#v#4,take_on#v#1,take#v#5,acquire,adopt,assume,take_on,assume
27,market,market#n#1,marketplace#n#1,market_place#n#2,market_(economics),market,global_market,market,marketplace,world_market,marketplace,Markets,global_market,Cattle_market,Market_size,Market_volume,Indoor_market,Economic_Market,Economic_market,Market_Types,Types_of_markets
27,relatively,relatively#r#1,comparatively#r#1,comparatively
27,banking,bank#v#1,bank,roll,bank
28,problems,problem#n#1,job#n#8,problem,problem,problem,problem,problem,Problem_Management,dilemma,nuisance,Problematical,Problems
29,crowded,crowded#a#1,crowded
