1,invested,invest#v#1,put#v#5,commit#v#5,place#v#13,commit,invest,place,put,invest
3,Nile,Nile#n#1,Nile_River#n#1,Nile,Nile,Nile,Nile_River,Nile,Nile,Nile_River,River_Nile,Nile_River,River_Nile,Nile_Valley,Nile_river,Nile_valley,The_Nile,Source_of_the_Nile,Nile_Basin,Nile_River_Basin,Nile_River_Valley,Great_Bend_of_the_Nile,Sources_of_the_Nile,Middle_Nile_Basin,An_Nīl,Bahr_el_Nil,Bahr_el_Nîl,Eonile,Evolution_river_nile_sudan,Iteru,Nile_R.,Nile_River,Phiaro,Piaro,Source_Of_The_Nile,Source_of_the_nile,The_Nile_River,The_River_Nile,Yellow_Nile,النيل
3,Nile Delta,Nile_Delta,Nile_Delta,Nile_Delta,Nile_River_Delta,Egyptian_Delta,Pelusiac_branch,Tanitic,Nile_River_delta,Pelusiac,Phatnitic,Sebennytic,Herakleotic,Mendesian,Nile_delta,Nile_river_delta,Phatmetic,Seven_mouths_of_the_Nile,The_Nile_Delta,Timsah,دلتا_النيل
3,concession,Concession_(territory),Concession,Leased_territory,Foreign_concession,Concession_territory,Territorial_concession,Concession_zone,Lease-territory,Lease_territory
3,Delta,delta#n#1,River_delta,river_delta,delta,delta,River_deltas,delta_(river),delta_(landform),Inland_delta,delta_(geography),Delta_source,Deltaic_deposit,Deltaic_System,Deltas,Ocean_river_mouth,River's_delta,River_Delta,Sea_river_mouth,delta_(geologic_formation)
3,won,win#v#1,win
4,concession,concession#n#1,grant#n#7,concession_(contract),concession,concession,concession,Contractual_right,Concession_contract,Concession_agreement,Concession_theory,Binding_rights,Legally_binding_rights,Concessions_(business)
4,holder,holder#n#1
5,partner,collaborator#n#3,cooperator#n#1,partner#n#2,pardner#n#1,partner,partner,partner
6,size,size#n#2,Clothing_sizes,Clothing_sizes,size,Dress_size,Clothing_size,International_Clothing_Sizes,size_(clothing),Clothes_sizes,Clothing_Sizes,Dress_sizes,Pant_size,Shirt_size,Suit_sizes
6,trying,test#v#1,prove#v#5,try#v#2,try_out#v#1,examine#v#5,essay#v#2,try,prove,try,try_out
6,define,specify#v#2,set#v#3,determine#v#4,define#v#5,fix#v#3,limit#v#3,set
8,looking,look#v#1,look,look,look,look
8,liquefaction,liquefaction#n#1,liquefaction,liquefaction,liquefaction,liquefaction,liquefication,Liquification,Liquefy,Liquify,Liquifaction,Liquefacation,Liquefactive,liquefication
8,tanker,oil_tanker#n#1,oiler#n#3,tanker#n#1,tank_ship#n#1,tanker_(ship),oil_tanker,Aerial_refueling,oil_tanker,tanker,tanker_aircraft,oil_tanker,tanker,tanker,oiler,tank_ship,Air_refueling,Gasoline_tanker,Aerial_refuelling,tanker_(aircraft),Oil_tankers,Petroleum_tanker,In-flight_refueling,VLCC,Tanker_aircraft,Air-to-air_refueling,Inflight_refueling,Supertankers,Inflight_refuelling,Ultra_Large_Crude_Carrier,Buddy_store,Very_Large_Crude_Carrier,In-flight_refuelling,Probe_and_drogue,Air-to-air_refuelling,Very_large_crude_carrier,Crude_oil_tanker,HIFR,In-flight-refueling,Gasoline_Tanker,Very_Large_Crude_Carriers,Product_tanker,Tankship,Inert_gas_system,Mid-air_refueling,Refueling_boom,Aerial_refueling_tanker,Refuelling,Midair_refueling,Motor_Tanker,Tanker_ship,Flying_Boom,Flying_boom,Ultra_large_crude_carrier,In-air_refueling,Mid_air_refueling,VLCC_tanker,Midair_refuelling,Fleet_oilers,Air_to_air_refueling,Aerial_Refueling,Aerial_refuling,Air_fuelling,Air_refuel,Air_Refueling,Air_refuelling,Boom_refueling,Buddy_packs,Buddy_refueling,Buddy_stores,Buddy_tanking,Crude_oil_tankers,Crude_tanker,Double_skin_tanker,FRL's_looped-hose,Fueling_in_mid-air,In-flight_refuelling_tanker,In_flight_refueling,Mid-air_refeuling,Mid_air_refuellings,Motor_tanker,oil_Tanker,Oil_Tankers,Oil_tanking,Probe_and_drogue_refueling,Refueling_in_mid-air
9,fertile,fertile#a#1,fecund,fertile,fertile
9,fertile ground,Fertile_Ground_(film),Fertile_Ground,Fertile_Ground_(2011_film)
9,ground,soil#n#2,dirt#n#1,soil,dirt,dirt,soil,ground,soil,dirt,soil,soil,Soils,Earthen,Dirty,Soil_nutrient,High_phosphorus_and_titanium,soil_(pedology),Plant-essential_nutrients,Mineral_soil,Low_phosphorus_and_titanium,Filthy,Pedolith,Organic_soil,Besmirch,Besmirched,Besmircher,Besmirchers,Besmirches,Besmirching,Besmirchingly,Besmirchings,Derelict_soil,DIRT,Dirtier,Dirtiest,Dirtily,Parts_of_soil,Plant-essential_nutrient,Reechy,Smirched,Smirches,Smirching,Smirchingly,Smirchings,Soils,Squalidly,Squalidness,Vuil
9,proves,prove#v#1,turn_out#v#1,turn_up#v#4
10,market,market#n#1,marketplace#n#1,market_place#n#2,market_(economics),market,global_market,market,marketplace,world_market,marketplace,Markets,global_market,Cattle_market,Market_size,Market_volume,Indoor_market,Economic_Market,Economic_market,Market_Types,Types_of_markets
10,Egyptian,Egyptian#n#1,Egyptian
10,go to,attend#v#1,go_to#v#1,attend,go_to
11,domestic,domestic#a#1,domestic,inland,internal
11,new,new#a#1,new,new
11,industrial,industrial#a#1,industrial,industrial
11,reaches,Reach_(advertising),Reach,reach,reach,Absolute_reach,R3h,Reach_(marketing)
11,consumers,consumer#n#1,consumer,consumer,consumer,consumer,Consumers,End_consumer,Consumer_market,Creative_consumers,Creative_Consumers,Electric_consumer
12,area,area#n#1,country#n#5,area,area,area,area,area,surface,area_(geometry),area_(mathematics),Area_formula,Area_measure,Area_of_figure,Area_of_plane_region,Areas_of_Basic_Shapes
12,area one,Area_Festival,Area2,Area_One,Area:One
13,understanding,grok#v#1,get_the_picture#v#1,comprehend#v#1,savvy#v#1,dig#v#8,grasp#v#2,compass#v#3,apprehend#v#1,apprehend,compass,comprehend,dig,get_the_picture,grasp,grok,savvy,understand,understand,comprehend
13,magnitude,magnitude#n#1,magnitude_(mathematics),magnitude,magnitude,magnitude
14,told,tell#v#2,tell,tell,tell
14,Reuters,Reuters,Reuters,Reuters_Television,Reuters_Foundation,Reuters_news_agency,Reuters_News,Reuters_International,Reuter's,Reuters_AlertNet,Reuters.com,REUTERS,Reuters.in,Reuters_Health,Reuters_Limited,Reuters_News_Service,Reuters_plc,Reuters_South_Africa,Reuters_UK,RTRSY,Rueters
14,interview,interview#n#1,interview,interview,interview,interview,Interviews,Interviewing,Interviewed,Interviewees,Interview_tips,Interviewers,Interviewy,Webcam_Interview
16,lucky,lucky#a#2,lucky
16,money,money#n#1,money,money,money,money,money,money,Monetary,Pecuniary,Commercial_bank_money,Real_world_money,Monies,Monetary_items,Concept_of_money,Fiscally,Functions_of_money,Hard_dollar,Money_and_fame,Pelf
16,lucky streak,lucky_streak
16,plans,plan#n#1,program#n#1,programme#n#6,plan,Program_management,plan,Program_management,plan,program,programme,Plans,plan,plan,plan,program,program_(management),Plans,Program_manager,Programme_management,P.L.A.N.,P._L._A._N.,P_L_A_N,plan,Program_Management
16,keep,prevent#v#1,forestall#v#1,foreclose#v#1,preclude#v#1,forbid#v#2,keep,prevent,forestall,prevent,forestall,preclude,prevent,prevent
16,streak,streak#n#1,run#n#4,streak
16,pouring,pour#v#1,pour
17,production,production#n#1,production,production
17,start,begin#v#3,lead_off#v#2,start#v#2,commence#v#2,begin,begin,begin,commence,lead_off,start,start,begin,commence,start,commence
17,gas,gas#n#1,gaseous_state#n#1,gas,gas,gas,gaseous_state,gas,Gases,Gaseous,gaseous_state,Gas-phase,Gas_state,Gaseous_phase,Gasses,Atomic_gas,Organic_gas,Atomic_gases,Atomic_Gas,Gas_State,gaseous_State
17,expects,expect#v#1,anticipate#v#1,expect
18,development,development#n#1,Development_economics,Development_economics,development,expansion,Development_economist,Developmental_economics,Development_economists,Development_Economics,Development_Economist,Development_Economists,Economics_of_development,development_(economics)
18,development plans,development_plan,development_plan,development_plan,Development_plans,development_Plan
18,work out,work_out#v#2
18,work,work#v#1,work,work,work
18,plans,Plan_(aid_organisation),plan,Plan_International,PLAN_International,Foster_Parents_Plan,Foster_parents_plan,Plan_(aid_organization)
18,simultaneously,simultaneously#r#1,at_the_same_time#r#1,at_the_same_time
19,joint,joint#a#1
19,joint venture,joint_venture#n#1,joint_venture,joint_venture,Joint-venture,Joint_ventures,Joint_adventure,Joint_venture_company,Joint_Ventures,Joint_partnership,Joint_development,Joint_Undertaking,Joint-ventures,Joint_investment,CJV,CJVs,Co-operative_joint_venture,Co-operative_joint_ventures,Cooperative_joint_venture,Cooperative_Joint_ventures,Corporate_joint_venture,joint_Venture
19,venture,venture#n#1
20,continues,retain#v#2,continue#v#5,keep#v#10,keep_on#v#1
21,committed,perpetrate#v#1,commit#v#1,pull#v#5,commit,commit,pull
22,feet,foot#n#2,ft#n#1,foot_(unit),foot,feet,foot,foot,foot_(length),foot_(unit_of_measure),foot_(unit_of_length),foot_(measurement),Survey_foot,Survey_feet,Lineal_foot,30.48_cm,Linear_feet,International_feet,feet_(length),feet_(unit),U.S._survey_foot,12_inches,Cu._ft.,English_foot,Imperial_feet,International_foot,Linear_foot,U.S._survey_feet,feet_(distance),feet_(unit_of_length),foot(unit_of_length),foot_(distance),foot_(measure),Foot_(unit_of_length,foot_(unit_of_measurement),ft_(unit_of_length)
22,identified,identify#v#1,place#v#8,identify,identify
22,cubic,cubic#a#1,three-dimensional#a#2,cubic
22,cubic feet,cubic_foot#n#1,cu_ft#n#1,cubic_foot,cubic_foot,cubic_foot,Cubic_feet_per_second,Cubic_feet_per_minute,Cubic_foot_per_second,Cubic_feet,Trillion_cubic_feet,Cubic_foot_per_minute,Cu_feet,cu_ft,Cubic_Feet,Cubic_feet/second,Cubic_Feet_Per_Second,Cubic_Feet_per_Second,Cubic_inches_per_second,Cuft,Feet/-3,Feet3,Feet^3,Feet³,Foot3,Foot³,Ft/-3,Ft^3,Ft³,MMCF,MMcf,Suces,Thousand_Cubic_Feet,Timber_foot
23,not yet,not_yet
23,price,monetary_value#n#1,price#n#1,cost#n#2,cost,price,price,monetary_value
23,agreed,agree#v#1,hold#v#35,concur#v#1,concord#v#4,agree,concur,agree,agree,assent,concord,concur,agree,concur
