1,closing,close#v#4,close
1,hands,hand#n#1,manus#n#1,mitt#n#1,paw#n#2,hand,manus_(anatomy),hand,Manus,hand,hand,manus,manus_(zoology),Extensor_digiti_quinti_proprius,Hand_fracture,Hand_bones,Extensor_Carpi_Radialis_Longus,Hand_muscles,Dorsum_of_the_hands,Hand_joints,Hand_anatomy,ðŸ‘‹,ðŸ‘?,âœ‹,Heel_of_the_hand,Human_hand,Hand_deformities,Abductor_brevis,Abductor_longus,Anatomy_of_the_hand,Broken_hand,Carpi_radialis_brevis,Dorsum_of_hand,ECRB,ECRL_muscle,ECU_muscle,ED_muscle,Extensor_brevis_pollicis,Extensor_carpus_radialis_brevis,Extensor_carpus_radialis_longus,Extensor_carpus_ulnar,Extensor_digitorum_muscle_of_hands,Extensor_pollicis,Extensor_pollicis_longis,Extensores_carpi_radialis_longus,Finger_muscles,Hand_dorsum,Hand_fractures,Hand_heel,Human_hands,Intrinsic_hand_muscles,Ligaments_of_the_Hand,Muscles_of_the_hand,Opisthenar,Palm_of_hand,Palms_of_the_hands,Phalangeal_articulations_of_hand,Phalangeal_joints_of_hand,Small_muscles_of_the_hand,Thenal,Thenar_region,Extensor_digitorum_(hand),hand_(anatomy),Heel_(hand)
1,traded,trade#v#2,trade_in#v#1,trade,trade_in
1,changing hands,change_hands#v#1,change_owners#v#1
1,unchanged,unchanged#a#1
1,heavily,heavily#r#1,to_a_great_extent#r#1,heavily
1,changing,change#v#1,alter#v#1,modify#v#3,alter,change,modify,alter,change
1,stocks,stock#n#1,stock,stock,stock,Equities,Equity_securities,Stocks_and_shares,stock_(finance),Cash_equity,Equity_security,Stocks_and_Shares
2,banks,depository_financial_institution#n#1,bank#n#2,banking_concern#n#1,banking_company#n#1,bank,bank,bank,bank,bank,depository_financial_institution,Bankers,Banking_system,Banking_industry,International_banking,Foreign_bank,Money_center_bank,Credit_institution,Banking_Business,ðŸ?¦,Credit_institutions,Credit_Institutions,Banking_and_credit,Banking_business,Banking_establishment,Banks_and_banking,Banks_and_Banking,Monetary_intermediation,Money-lenders,Money_center_banks,Money_Center_Banks,â›»
2,terms,term#n#1
2,more expensive,costly#a#2,dear#a#4,high-priced#a#1,pricey#a#1,pricy#a#1,costly,dear,expensive,costly,dear,expensive,pricey
2,remains,remain#v#3,remain,remain
2,Belgian banks,Generale_Belgian_Bank,Fortis_Bank_Asia_HK,Belgian_Bank,Banque_Belge_pour_l'Etranger,Banque_Sino-Belge,Fortis_Bank_Asia,Fortis_Bank_HK
2,expensive,expensive#a#1,expensive,expensive
2,Belgian,Belgian#n#1,Belgian,Belgian
3,drop,drop#v#1,drop,drop,drop
3,have to,have_to,must,have_to
3,percent,percentage#n#1,percent#n#1,per_centum#n#1,pct#n#1,percentage,percentage,percent,percentage,percent,percentage,PCT,percent,Per_cent,Percentages,Centigraph,Per_cent.,per_centum,Procent
4,keep,continue#v#1,go_on#v#1,proceed#v#5,go_along#v#2,keep#v#2,continue,go_along,go_on,keep,proceed,keep,go_on
4,rein,rein#n#1,rein,rein,rein,rein,Reins,Curb_rein,Double_rein,Rein_in,Snaffle_rein
5,afternoon,afternoon#n#1,afternoon,afternoon,afternoon,afternoon
5,picked up,pick_up#v#1,lift_up#v#1,gather_up#v#1,pick_up
5,picked,pick#v#1,pick,pick
5,quite,quite#r#1,rather#r#4
5,started,begin#v#3,lead_off#v#2,start#v#2,commence#v#2,begin,begin,begin,commence,lead_off,start,start,begin,commence,start,commence
5,started out,get_down#v#7,begin#v#1,get#v#34,start_out#v#1,start#v#1,set_about#v#3,set_out#v#1,commence#v#1,begin,commence,get,get_down,set_about,set_out,start,start_out,commence,set_about
5,dull,dull#a#1
6,holding,keep#v#1,maintain#v#1,hold#v#1,hold,keep,maintain,hold,keep
6,companies,company#n#1,company,company,company,concern,corporation,enterprise,firm,partnership,venture,firm,company_(law),Companies,Registered_company,Incorporated_company,And_co.,And_company,And_sons,Campany,Cmpany,Comapnies,Comapny,Compagnie,Compagnies,Compnay,Registered_Companies,Your_company,ã?‡,company_(legal)
6,holding companies,holding_company#n#1,holding_company,holding_company,holding_company,holding_company,Holding_companies,Parent_companies,Personal_holding_company,Holdings_company,Holdco,Holding_Companies,holding_Company,Holding_firm,Personal_finance_company
7,battle,battle#v#1,combat#v#1,battle,battle
7,way,way#n#4
8,volume,volume#n#1,volume,volume,cubage,volume,volume,Volumes,Volumetric,volume_(mathematics),volume_(geometry),volume_(unit),Spatial_volume,Liquid_capacity,Fluid_capacity,Volume_measure,Volume_of_a_cone,Volumetry
8,ended,end#v#4
8,points,point#n#1,point,point
9,meets,converge#v#1,meet#v#3,converge,meet
9,Tuesday,Tuesday#n#1,Tues#n#1,Tuesday,Tuesday,Tuesday,Tues,Tuesday,Tuesdays,Day_of_Tīwaz,Martis_dies,Tiu's_Day,Tiw's_Day,Tiwes_daeg,Tiwes_dæg,Tue.,Tuefday,Twisday
10,expected,expect#v#1,anticipate#v#1,expect
10,change,change#n#1,alteration#n#1,modification#n#4,change_(philosophy),Change,alteration,change,modification,change
10,decide,decide#v#1,make_up_one's_mind#v#1,determine#v#5,decide,determine,decide,determine,make_up_one's_mind,decide
