1,interest rate,interest_rate#n#1,rate_of_interest#n#1,interest_rate,interest_rate,interest_rate,interest_rate,interest_rate,Interest_rates,rate_of_interest,Negative_interest_rate,Negative_interest_rates,Certificate_of_confiscation,Euro-area_interest_rate,Euro_area_interest_rate,interest_Rate,Negative_spread
1,interest,interest#n#4,interest,interest,interest,interest,interest_(finance),Lending_rate,interest_(economics),Fixed-rate_interest,Simple_Interest,Deposit_rate,Cost_of_money,Borrowing_rate,Intrest,Intrest_rate,Loan_formula,Ordinary_interest,Rate_in_loans,interest_(in_Economics),interest_(money)
1,rate,rate#n#1,rate_(mathematics),Rate,rate
1,create,make#v#3,create#v#1,create,create
1,Paris,Paris#n#1,City_of_Light#n#1,French_capital#n#1,capital_of_France#n#1,Paris,Paris,Paris,City_of_Light,Paris,Paris,Paris,Paris,_France,París,Paris_France,Paris_(France),Parijs,Parisien,Name_of_Paris_and_its_inhabitants,Département_de_Paris,Paree,Paris_agglomeration,Cuisine_of_Paris,Departement_de_Paris,France_Paris,FRPAR,Leucetia,Name_of_paris_and_its_inhabitants,Paname,Paris,_Banks_of_the_Seine,Paris,_Europe,Paris,_Ile-De-France,Paris,_Île-de-France,Parizi,Paříž,Paříži,Rue_de_Menilmontant,Rue_de_Ménilmontant,Sport_in_Paris,Sports_in_Paris,Suburbs_of_Paris,The_weather_in_Paris,UN/LOCODE:FRPAR,Ville_Lumiere,Ville_Lumière,Paris_(etymology),The_City_of_Love_(city)
1,products,product#n#2,production#n#3,product,product,production,production,throughput
2,abandon,abandon#v#1,abandon,abandon
2,open outcry,floor#n#10,trading_floor#n#1,Open_outcry,Open_outcry,pit,trading_floor,Open-outcry,Trading_pit,pit_(open_outcry),Floor_market,Market_floor,Pit_Trading
2,outcry,Outcry_(video_game),Outcry,Outcry_(game),Sublustrum
2,open,open#a#1,unfastened#a#2,open,opened,unfastened,open
3,electronic,electronic#a#1,electronic,electronic
4,high,high#a#1,high,high,high
4,placed,put#v#1,set#v#1,place#v#1,pose#v#5,position#v#2,lay#v#1,lay,place,put,set,place,place
4,priority,precedence#n#1,precedency#n#1,priority#n#1,priority,precedence,priority
4,played,play#v#1,play,play,play
5,newspaper,newspaper#n#1,paper#n#3,newspaper,newspaper,daily,daily_newspaper,evening_newspaper,evening_paper,gazette,newspaper,newspaper,Newspapers,daily_newspaper,Newspapers,Local_newspaper,National_newspaper,News_paper,evening_paper,Illustrated_newspaper,Print_news_media,Newspaper_journalism,Daily_paper,Morning_paper,evening_newspaper,Newspaper_articles,Afternoon_newspaper,Microdaily,News_sheet,National_Newspaper,📰,Afternoon_paper,gazette,Gazettes,Morning_newspaper,News-sheet,newspaper,Newspaper_Reading,Sunday_newspaper_supplement
5,told,tell#v#2,tell,tell,tell
6,interest rate,interest_rate#n#1,rate_of_interest#n#1,interest_rate,interest_rate,interest_rate,interest_rate,interest_rate,Interest_rates,rate_of_interest,Negative_interest_rate,Negative_interest_rates,Certificate_of_confiscation,Euro-area_interest_rate,Euro_area_interest_rate,interest_Rate,Negative_spread
6,interest,interest#n#4,interest,interest,interest,interest,interest_(finance),Lending_rate,interest_(economics),Fixed-rate_interest,Simple_Interest,Deposit_rate,Cost_of_money,Borrowing_rate,Intrest,Intrest_rate,Loan_formula,Ordinary_interest,Rate_in_loans,interest_(in_Economics),interest_(money)
6,rate,rate#n#1,rate_(mathematics),Rate,rate
6,rate contracts,Rate_contract,Rate_Contract
6,contracts,contract#n#1,contract,contract,contract,contract,contract,contract,contract,contract,Contracts,Contracting,Legally_binding,Contractual,Express_contract,Guarantees,Contractual_agreement,Verbal_contract,Legal_contract,Contrat_à_durée_indéterminée,Contract_Law,Binding_agreement,Written_contracts,Contractual_obligations,Law_of_contracts,Contractual_powers,Kill_fee,Open-ended_contract,Contracting_party,Legal_agreement,Contracts_law,bill_of_lading,bill_of_sale,Binding_contract,Contract_document,Contract_system,Contractual_law,Contractual_power,Cotract,Law_of_contract,Legal_Detriment,Service_agreement,Types_of_contract,Unilateral_Contracts,Verbal_contracts,Verbally_binding,Written_contract,contract_(legal)
7,faces,confront#v#1,face#v#2,face,confront,face,confront,confront
7,struggle,conflict#n#1,struggle#n#2,battle#n#3,conflict
8,slid,slither#v#1,slide#v#2,slide,slide,slide,slide,slither
8,months,calendar_month#n#1,month#n#1,month,month,month,months,calendar_month,month,calendar_month,months,Khmer_calendar,Draconitic_month,Dracontic,Dracontic_month,Full_month,Hollow_month,Months_of_the_year,Nodical_month,Sideral_Month,Sideric_month,Sinhala_calendar,Sinodic_month,Synodal_month,Synodic_Month,ü?±
8,flat,flat#a#1,level#a#1,plane#a#1,even,flat,plain,even,flat,plane
8,July,July#n#1,July,July,July,July,July,Jul.,㋆
8,percent,percentage#n#1,percent#n#1,per_centum#n#1,pct#n#1,percentage,percentage,percent,percentage,percent,percentage,PCT,percent,Per_cent,Percentages,Centigraph,Per_cent.,per_centum,Procent
9,working,work#v#1,work,work,work
9,working group,working_group#n#1,working_party#n#1,working_group,working_group,working_group,Working_groups,Working_Groups,Technical_Advisory_Group,Technical_advisory_group
9,group,group#n#1,grouping#n#1,group,group,group,group_(sociology),group_(social)
10,strategic,strategic#a#2,strategic,strategic
10,common,common#a#2
10,seemed,look#v#2,appear#v#1,seem#v#1,appear,look,seem,look,look
10,create,make#v#3,create#v#1,create,create
10,satisfactory,satisfactory#a#1,satisfactory
10,more satisfactory,satisfactory#a#1,satisfactory
10,point,point#n#1,point,point
10,platform,platform#n#1,platform,platform
11,competitor,rival#n#1,challenger#n#1,competitor#n#1,competition#n#4,contender#n#1,competitor,rival
12,allied,ally#v#1
12,Germany,Germany#n#1,Federal_Republic_of_Germany#n#2,Deutschland#n#1,FRG#n#1,Germany,Germany,Federal_Republic_of_Germany,Germany,Germany,Germany,Federal_Republic_of_Germany,Germany,West_Germany,Federal_Republic_of_Germany,Deutschland,Bundesrepublik_Deutschland,Federal_Republic_Of_Germany,FR_Germany,Alemanha,Almanya,BR_Deutschland,Bundesdeutsch,Deuchland,Deutchland,Dresden,Duitsland,Etymology_of_Germany,F.R._Germany,Foederal_Republic_of_Germany,Geramny,German_climate,Germanio,Germans,GERMANY,GermanY,GerMany,Germeny,Germny,ISO_3166-1:DE,Jermany,Land_der_Dichter_und_Denker,Nemska,Niemcy,Nimska,Nuremberg,Nuremburg,Němska,Teutonica,Thyskaland,THyskaland,Togil,Tyskland,United_States_of_Germany,Vokietija
13,aims,aim#n#3
13,centre,Centre#n#1,Centre_(French_region),Centre_region,Centre,Centre,Centre_(French_region),Centre_(France),Centre_region,_France,Centre_Region,_France,Centre,_France,Region_Centre,Région_Centre,Centre_(région),Centre_-_Val_de_Loire,Region_Center,Region_du_Centre,Région_du_Centre,Center_(France),Centre,_(region),Centre_(region,_France),Centre_(region_francaise),Centre_(region_of_France),Centre_(région_française),Centre_(Val_de_Loire)
14,flagship,flagship#n#1,flagship,flagship
15,failures,Failure_(Artefact_album),failure
15,delays,delay_line#n#1,Delay_(audio_effect),Delay,Delay_effect,Doubling_echo,Straight_delay,Delay_pedal,Slapback_echo,Analog_delay,Tape_delay_(audio_effect),Delay_(audio),Delay_Pedal,Delay_unit,Delay-line_(audio),Delay-line_(music),Delay-line_(recording),Delay_(electric_guitar),Delay_(music),Delay_(recording),delay_line_(audio),delay_line_(music),delay_line_(recording)
15,studded,stud#v#2
16,markets,market#n#1,marketplace#n#1,market_place#n#2,market_(economics),market,global_market,market,marketplace,world_market,marketplace,Markets,global_market,Cattle_market,Market_size,Market_volume,Indoor_market,Economic_Market,Economic_market,Market_Types,Types_of_markets
16,financial,fiscal#a#1,financial#a#1
16,working,work#v#2,do_work#v#1,work
16,integrate,desegregate#v#1,integrate#v#2,mix#v#2
16,financial markets,market#n#4,securities_industry#n#1,financial_market,financial_market,financial_market,financial_market,Financial_markets,Financial_trading,Financial_market_trading,Financial_trade,Financing_market,Financing_markets,market_(finance)
17,introduced,introduce#v#5
17,monetary,monetary#a#1,pecuniary#a#1,monetary,pecuniary,monetary,pecuniary
17,European economic and monetary union,Economic_and_Monetary_Union_of_the_European_Union,Economic_and_Monetary_Union_of_the_European_Union,European_Monetary_Union,European_Economic_and_Monetary_Union,Economic_and_monetary_union_of_the_european_union,EMUEU
17,monetary union,Currency_union,currency_union,Monetary_union,Common_currency,Single_currency,Monetary_Union,Currency_bloc,Currency_Union
17,currency,currency#n#1,currency,currency,currency,currency,means_of_exchange,currency,currency,currency,Currency,foreign_currency,Currencies,Foreign_currency,means_of_exchange,Coin_of_the_realm,Curency,Currancy,Currency_transfer_rules,Market_currency
17,economic and monetary union,Economic_and_monetary_union,Economic_and_monetary_union,Economic_&_monetary_union,Economic_and_Monetary_Union
17,union,union#n#1,labor_union#n#1,trade_union#n#1,trades_union#n#1,brotherhood#n#4,trade_union,trade_union,labor_union,trade_union,trade_union,Trade_unions,labor_union,Trade_unions,Labor_unions,Labour_union,trades_union,Unions,Labor_leader,Labour_unions,Trade_Unions,Trades_unions,Trade_unionists,Trade-union,Labor_organization,Teachers'_union,trades_Union,Unionized,Labor_organizations,Worker's_union,Trade_Unionist,Labour_organisation,labor_Union,Union_membership,Trade_Unionism,Union_trader,Trade-unionist,Labour_organization,Trades_unionist,Labor_unionism,Trade_Unionists,Tradeunion,Trade-unionism,Labor-union,Labor_Unions,Teachers_union,Collective_bargaining_agency,Labour_Union,Labor-unionism,Labor-unionisms,Labor-unionistic,Labor-unions,Labor_cartel,labor_union,labor_Union,Labor_unionisms,Labor_unionistic,Labor_Unions,Labor_unions,Laborunion,Laborunionism,Laborunionisms,Laborunionistic,Laborunions,Labour-union,Labour-unionism,Labour-unionisms,Labour-unionistic,Labour-unions,Labour_union,Labour_Union,Labour_unionism,Labour_unionisms,Labour_unionistic,Labour_unions,Labour_Unions,Labour_Unions,_Moral_Aspects_of,Labourunion,Labourunionism,Labourunionisms,Labourunionistic,Labourunions,Moral_Aspects_of_Labour_Unions,Student_Trade_union_and_high-school_pupil,Trade-unionisms,Trade-unionistic,Trade-unionists,Trade-unions,trade_Union,trade_union,trade_Union,Trade_unionisms,Trade_unionistic,Trade_Unions,Tradeunionism,Tradeunionisms,Tradeunionist,Tradeunionistic,Tradeunionists,Tradeunions,Workers_political_organisation
17,European,European#n#1,European,European
17,economic,economic#a#1,economical#a#2,economical
18,said,state#v#1,say#v#1,tell#v#1,tell,say,tell,say,say,say,say,state
19,issuing,issue#v#2,supply#v#2
19,plans,plan#n#1,program#n#1,programme#n#6,plan,Program_management,plan,Program_management,plan,program,programme,Plans,plan,plan,plan,program,program_(management),Plans,Program_manager,Programme_management,P.L.A.N.,P._L._A._N.,P_L_A_N,plan,Program_Management
19,start,begin#v#3,lead_off#v#2,start#v#2,commence#v#2,begin,begin,begin,commence,lead_off,start,start,begin,commence,start,commence
19,Euro,euro#n#1,euro,euro,euro,euro,euro,EUR,euro,Euros,EUR,euro_(currency),Euro_currency,Single_European_currency,‚Ç¨uro,–ï–≤—Ä–æ,BAFFLING_PIGS,Baffling_pigs,Currency_of_Andorra,Currency_of_Austria,Currency_of_Belgium,Currency_of_Cyprus,Currency_of_Finland,Currency_of_France,Currency_of_Greece,Currency_of_Ireland,Currency_of_Italy,Currency_of_Latvia,Currency_of_Luxembourg,Currency_of_Malta,Currency_of_Monaco,Currency_of_Portugal,Currency_of_San_Marino,Currency_of_Slovakia,Currency_of_Spain,Currency_of_the_Netherlands,E.U.R,Eiro,Eouro,Eur,EURO,Euro-Cent,European_Euro,European_euro,European_evro,European_Union_euro,European_Union_Euro,EUUR,EUuro,Evro,Fixed_exchange_rates_between_the_euro_and_old_european_currencies,K‚Ç¨,Pros_and_Cons_of_the_Euro,Teuro,The_Euro,ŒïœÖœ?œé,–Ñ–≤—Ä–æ,‚Ç¨UR,euro_(EUR),‚Ç¨
19,securities,security#n#4,certificate#n#2,security_(finance),security,Securities,Debt_securities,Securities_trading,Financial_securities,Sub-sovereign_bonds,Debt_security,Marketable,Marketable_securities,Investment_securities,Securities_industry,Securities_Finance,Supra-national_bond,Care_of_securities,Marketable_security,Security_Finance,Supranational_bond
20,convert,convert#v#1,change_over#v#2,change_over,convert,change_over,convert,change_over,convert,cast
20,stock,stock#n#1,stock,stock,stock,Equities,Equity_securities,Stocks_and_shares,stock_(finance),Cash_equity,Equity_security,Stocks_and_Shares
21,rang,resound#v#1,echo#v#2,ring#v#2,reverberate#v#1,ring,echo,ring
21,curtain,curtain#n#1,drape#n#1,drapery#n#1,mantle#n#7,pall#n#3,curtain,drapery,Altar_cloth,Altar_cloth,curtain,drapery,curtain,curtain,drape,drapery,drapes,pall,drapes,pall_(liturgy),Draperies,drape,Roll-down_curtain,Draping,Pull-down_curtain,Net_curtains,Drop-down_curtain,Altar_linen,Altar_Cloths,Altar_Linens,Cloths,_Altar,Net_curtain
22,trading,trade#v#2,trade_in#v#1,trade,trade_in
22,shares,share#n#2,share_(finance),share,share,share,share,Shares,Public_shares,Share_of_stock,Share_tips,Votable_share
22,electronic trading system,Electronic_trading,Electronic_trading,Screen-based_trading,ETrading,Electronic_execution,Etrading,E-Trading,E-Trading_Platform,Electronic_trading_system,ETrading_Platform,Etrading_platforms,Online_stock_trading,Project_specification,Stock_trading_system,Trade_platforms
22,derivatives,derivative_instrument#n#1,derivative#n#3,derivative_(finance),derivative,derivative,derivative_instrument,Financial_derivatives,Financial_derivative,Derivative_contract,Derivatives_trading,Derivatives_pricing,Contingent_claims,Macro_derivative,Derivative_securities,Derivative_products,Embedded_derivative,Derivative_security,Contingent_claim,Contingent_Claims,Derivatives_analysis,Financial_Derivative,Financial_Derivatives,Finanical_derivative,Insurance_derivatives,Macro_derivatives,derivative_(business),derivative_(security)
22,joint,joint#a#1
22,system,system#n#1
22,plans,plan#n#1,program#n#1,programme#n#6,plan,Program_management,plan,Program_management,plan,program,programme,Plans,plan,plan,plan,program,program_(management),Plans,Program_manager,Programme_management,P.L.A.N.,P._L._A._N.,P_L_A_N,plan,Program_Management
22,electronic,electronic#a#1,electronic,electronic
22,abandoned,abandon#v#1,abandon,abandon
22,trading system,Algorithmic_trading,Algorithmic_trading,Trading_system,Automated_trading,Trading_algorithm,Algorithmic_trading_platform,Black-box_trading,Trading_systems,Algorithmic_Trading_Platforms,Trading_System,Automated_trading_platform,Algo_trading,Algorithmic_investors,Algorithmic_Trader,Algorithmic_Trading,Algotrading,Arithmatic_Trading,Arithmetic_Trading,Automated_Trading_Platform,Black_box_trading,Event_arbitrage,Robo-trading,Robo_trading
23,opted,choose#v#2,prefer#v#2,opt#v#1,choose,opt,prefer,opt,opt
23,system,system#n#1
24,common,common#a#1
24,possible,possible#a#1,possible
24,develop,develop#v#1,develop
24,products,product#n#2,production#n#3,product,product,production,production,throughput
25,interest rate,interest_rate#n#1,rate_of_interest#n#1,interest_rate,interest_rate,interest_rate,interest_rate,interest_rate,Interest_rates,rate_of_interest,Negative_interest_rate,Negative_interest_rates,Certificate_of_confiscation,Euro-area_interest_rate,Euro_area_interest_rate,interest_Rate,Negative_spread
25,major,major#a#1
25,interest,interest#n#4,interest,interest,interest,interest,interest_(finance),Lending_rate,interest_(economics),Fixed-rate_interest,Simple_Interest,Deposit_rate,Cost_of_money,Borrowing_rate,Intrest,Intrest_rate,Loan_formula,Ordinary_interest,Rate_in_loans,interest_(in_Economics),interest_(money)
25,rate,rate#n#1,rate_(mathematics),Rate,rate
25,remains,remain#v#3,remain,remain
25,place,topographic_point#n#1,place#n#1,spot#n#1,location_(geography),geographic_location,location,place,situation,place,situation,spot,location,Geographical_location,place_(geography),Absolute_location,Geographic_place,location_(geogrpahy)
25,products,product#n#3,mathematical_product#n#1,product_(mathematics),product,product,product,mathematical_product,product_(math),product_(Mathematics)
26,advantages,advantage#n#1,vantage#n#2,advantage,advantage,vantage
26,enjoy,enjoy#v#2,enjoy
27,percent,percentage#n#1,percent#n#1,per_centum#n#1,pct#n#1,percentage,percentage,percent,percentage,percent,percentage,PCT,percent,Per_cent,Percentages,Centigraph,Per_cent.,per_centum,Procent
28,delicate,delicate#a#7
28,system,staff#n#6,stave#n#1,staff_(music),staff,staff,stave,staff,stave,Musical_staff,Staff_position,Staff_notation,Grand_staff,Musical_stave,Staff_lines,Brace_(music),staff_(musical),System_(music),Grand_stave,Accollatura,Grand_Staff,Great_staff,Music_staff,Musical_Staff,Staff_system,ÌÑö,?Ñî,?Ñï,?Ññ,?Ñó,?Ñò,?Ñô,?Ñö,?Ñõ,Bracket_(music),stave_(music)
28,change,change#v#1,alter#v#1,modify#v#3,alter,change,modify,alter,change
29,contract,contract#n#1,contract,contract,contract,contract,contract,contract,contract,contract,Contracts,Contracting,Legally_binding,Contractual,Express_contract,Guarantees,Contractual_agreement,Verbal_contract,Legal_contract,Contrat_à_durée_indéterminée,Contract_Law,Binding_agreement,Written_contracts,Contractual_obligations,Law_of_contracts,Contractual_powers,Kill_fee,Open-ended_contract,Contracting_party,Legal_agreement,Contracts_law,bill_of_lading,bill_of_sale,Binding_contract,Contract_document,Contract_system,Contractual_law,Contractual_power,Cotract,Law_of_contract,Legal_Detriment,Service_agreement,Types_of_contract,Unilateral_Contracts,Verbal_contracts,Verbally_binding,Written_contract,contract_(legal)
29,kill,kill#v#1,kill,do,kill,kill,kill
30,limited,limited#a#1
30,more limited,limited#a#1
30,planned,plan#v#1,be_after#v#1,be_after,plan,plan
30,cooperation,cooperation#n#1,cooperation,cooperation,co-operation,cooperation,cooperation,cooperation,co-operation,Cooperate,Cooperatively,Animal_cooperation,Co-operate,co-operation,Cooperation_in_animals,Coöperation,Coöperation
31,centrepiece,centerpiece#n#2,centrepiece#n#2,centrepiece
32,dogmatism,bigotry#n#1,dogmatism#n#1,bigotry,bigotry
32,showed,prove#v#2,demonstrate#v#2,establish#v#3,show#v#2,shew#v#1,demonstrate,establish,prove,shew,show,establish,prove,show,prove
32,real,real#a#1,existent#a#2
33,starts,start#n#1
