1,wanted,desire#v#1,want#v#1,want,want
1,shareholder,stockholder#n#1,shareholder#n#1,shareowner#n#1,shareholder,shareholder,shareholder,shareholder,stockholder,Shareholders,stockholder,Stockholders,Majority_shareholder,Shareholdings,Share_holder,Shareholder_concept,Stock-holder,Stock_holder
1,basis,bass#n#6,bass_voice#n#1,basso#n#2,bass_(voice_type),bass,base,basis,bass,base,bass,basso_cantante,bass_(vocal_range),basso,bass_(voice),Basso_buffo,bass_voice,Bass_singer,basso_cantante,Basso_Buffo,base_(voice),Bel_Canto_Bass,basso_Cantante,Dramatic_Bass,Schwarzer_bass,Ù…Ù?ØºÙŽÙ†Ù?_Ø¬ÙŽÙ‡ÙŠØ±_Ø§Ù„ØµÙŽÙ‘ÙˆÙ’Øª
1,broaden,widen#v#4,broaden#v#2,extend#v#1,widen,widen
2,market,market#v#1,market,market
2,prime,premier#a#1,prime#a#1,prime
2,tourist,tourist#n#1,tourer#n#1,holidaymaker#n#1,tourist,tourist,tourist,holidaymaker
2,tourist attractions,tourist_attraction#n#1,tourist_attraction,tourist_attraction,Tourist_destination,Visitor_attraction,Tourist_attractions,Resort_area,Tourist_spot,Tourist_destinations,Travel_destinations,Travel_destination,Tourist_area,tourist_Attraction,TOURIST_HOTSPOT,Tourist_hotspot,Tourist_Hotspot,Tourist_stop,Visitor_attractions
2,attractions,attraction#n#1,attractive_force#n#1,attraction
3,applied,apply#v#2,hold#v#25,go_for#v#1,apply,hold
3,August 29,August_29,29_August,August_29,29_August,29/08,29_Aug,29_August,29_Oogust,29th_August,29th_day_of_August,29th_of_august,29th_of_Oogust,29th_Oogust,Aug_29,August_29th,August_the_29th,Oogust_29th,The_29th_of_august,The_29th_of_Oogust,The_twenty-ninth_day_of_the_eighth_month_of_the_gregorian_calendar,The_twnty-ninth_day_of_the_eighth_month_of_the_gregorian_calendar
3,listing,list#v#2,list,list
3,August,August#n#1,Aug#n#1,August,August,August,August,August,Ogos,Aug.,Augest,Auggust,㋇
4,stable,stable#a#3
4,interested,interested#a#1,interested,interested,interested
4,base,base#n#10,alkali#n#1,base_(chemistry),alkali,alkali,base,base,base,Basic_(chemistry),Strong_base,Alkalis,Basicity,Chemical_base,Alkalies,Amino_acid_transport_systems,_basic,High_pH,Proton_acceptor,Alkaline_Lake,base_(chemical),Alcalescent,Alcali,Basifier,LDEA,Strong_Base,🜶,🜷
5,half,one-half#n#1,half#n#1,One_half,One_half,half,half,half,½,one-half,Halves,.5,0.5,Halfe,0.5_(number)
5,money,money#n#1,money,money,money,money,money,money,Monetary,Pecuniary,Commercial_bank_money,Real_world_money,Monies,Monetary_items,Concept_of_money,Fiscally,Functions_of_money,Hard_dollar,Money_and_fame,Pelf
5,year,year#n#3,year,year,solar_year,year,year,Megaannum,mega-annum,Gigaannum,Ma_(unit),Kiloannum,gigayear,Tya,Giga-annum,Ga_(unit),Gregorian_year,Yearly,Exa-annum,Megaannus,Eclipse_year,Gigaanna,Earth_year,Gigaannus,Earth_years,Annus,Kiloannus,525600,Draconitic_year,Dracontic_year,Ecliptic_year,Exaannum,Exayear,Gregorian_Year,Heliacal_year,Mega_Year,Petaanna,Petayear,Terayear,The_year,The_Year,TYA,Yaer,Year_duration,Yottayear,Zettayear
5,chief financial officer,chief_financial_officer#n#1,CFO#n#1,chief_financial_officer,chief_financial_officer,CFO,chief_financial_officer,CFO,Finance_Director,Finance_director,Chief_Accounting_Officer,Chief_accounting_officer,Chief_Financial_Officers,Group_Finance_Director,Cfo,CFOO,Chief_financial_and_operating_officer,Chief_Financial_and_Operating_Officer,chief_Financial_Officer,Chief_financial_officers,The_chief_financial_officer,chief_financial_officer_(CFO),The_chief_financial_officer_(CFO)
5,earns,earn#v#2,garner#v#1,earn,earn,gain,earn
5,chief,chief#a#1,main#a#1,primary#a#3,principal#a#1,master#a#1,main,principal,main,master,principal
5,financial,fiscal#a#1,financial#a#1
5,financial officer,treasurer#n#1,financial_officer#n#1,treasurer,treasurer,treasurer,treasurer,Treasurers
5,officer,officeholder#n#1,officer#n#2,officer,officer,Officers,Officership,Officerships
5,second half,second_half#n#1,last_half#n#1
5,second,second#a#1,2nd#a#1,2d#a#1,2nd,second,second
6,year,year#n#1,twelvemonth#n#1,yr#n#1,year,year,an,year,twelvemonth,year,yr,Megaannum,mega-annum,Gigaannum,Ma_(unit),Kiloannum,gigayear,Tya,Giga-annum,Ga_(unit),Gregorian_year,Yearly,Exa-annum,Megaannus,Eclipse_year,Gigaanna,Megayear,Earth_year,Gigaannus,Earth_years,Annus,Kiloannus,525600,Draconitic_year,Dracontic_year,Ecliptic_year,Exaannum,Exayear,Gregorian_Year,Heliacal_year,Petaanna,Petayear,Terayear,The_year,The_Year,twelvemonth,TYA,Yaer,Year_duration,Yottayear,Zettayear
6,target,target#n#1,mark#n#3,target,target,mark
7,shares,share#n#2,share_(finance),share,share,share,share,Shares,Public_shares,Share_of_stock,Share_tips,Votable_share
7,new,new#a#1,new,new
7,issue,issue#v#2,supply#v#2
7,registered,book#v#3,book,register,book,register
7,registered shares,Registered_share,Registered_share
8,far,far#r#1
8,operator,operator#n#1,operator_(mathematics),operator,Mathematical_operator,Math_operator,Mathematical_operators
9,news,news#n#2,news,news,news,news,news,Current_events,News_report,Current_Issues_and_Events,Newsworthy,The_News,American_current_events,Australian_current_events,Australian_Current_Events,British_and_Irish_current_events,Currentevents,New_Zealand_current_events,News-crammed,News_crammed,news_media,Newses,Odd_news,United_States:Current_Events,United_States_current_events
9,conference,conference#n#3,group_discussion#n#1
9,told,tell#v#2,tell,tell,tell
9,news conference,press_conference#n#1,news_conference#n#1,news_conference,news_conference,news_conference,press_conference,news_conference,press_conference,Press_conferences,Joint_press_conference,Press_briefing,U.S._Presidential_news_conference,Media_conference,U.S._presidential_news_conference
10,traded,trade#v#2,trade_in#v#1,trade,trade_in
10,telephone,telephone#n#1,phone#n#1,telephone_set#n#1,telephone,telephone,phone,telephone,phone,telephone,landline,Phone,phone,Telephones,Fixed_telephony,Phones,â˜Ž,ðŸ“ž,A_phone,Fone,Station_set,Telephone_and_Telephone_System,Telephone_communication,telephone_set,Telpehone,The_Telephone:_Alexander_Graham_Bell,â„¡,âŒ•,â˜?,âœ†
11,public,populace#n#1,public#n#1,world#n#5,public,public,public,populace,public,publification,audience,General_public,General_audience,General_audiences,Publical,Publically,Publicly,publification
11,held,keep#v#1,maintain#v#1,hold#v#1,hold,keep,maintain,hold,keep
12,paying,yield#v#10,pay#v#4,bear#v#8,bear,pay,yield,pay
12,payout,payout
12,franc,franc#n#1,franc,franc,Congolese_franc,franc,franc,Francs,French_franc_tmp
12,dividend,dividend#n#1,dividend,dividend,dividend,dividend,Dividends,Patronage_refund,Cash_dividend,Share_dividend,Patronage_dividend,Divident,Dividents,Interim_dividend,Quarterly_dividends
12,target,target#n#1,mark#n#3,target,target,mark
12,payout ratio,Dividend_payout_ratio,Dividend_payout_ratio,Payout_ratio
12,ratio,ratio#n#1,ratio,ratio,ratio,Ratios,Ratio_analysis,∶,Is_to,Mathematical_ratio,⅌
13,net profit,net_income#n#1,net#n#3,net_profit#n#1,lucre#n#2,profit#n#1,profits#n#1,earnings#n#1,profit_(accounting),net_income,net_profit,earnings,net_(economics),net,net_income,net_profit,profit_(accounting),earnings,lucre,net,net_income,net_profit,profit,profits,net_earnings,net_income,earnings,net_income,profit,Net_revenue,net_earnings,Accounting_profit,Net_pay,Bottomline,Profit_before_tax,I_minus_E_basis,Profit_After_Tax,Net_salary,I_minus_E,Operating_Profit,Net_earning,net_Income,Net_payment,net_Profit,Nett_revenue,PBIT,Profit_before_interest_and_tax,Profitably,Return_on_revenue,Return_On_Revenue
13,net,net#a#1,nett#a#1,net,net
13,profit,profit#n#2,gain#n#2,behoof,benefit,gain,profit
13,group,group#n#1,grouping#n#1,group,group,group,group_(sociology),group_(social)
14,report,report#v#2
14,profit,profit#n#2,gain#n#2,behoof,benefit,gain,profit
14,expects,expect#v#1,anticipate#v#1,expect
14,group,group#n#1,grouping#n#1,group,group,group,group_(sociology),group_(social)
15,holding,keep#v#1,maintain#v#1,hold#v#1,hold,keep,maintain,hold,keep
15,holding company,holding_company#n#1,holding_company,holding_company,holding_company,holding_company,Holding_companies,Parent_companies,Personal_holding_company,Holdings_company,Holdco,Holding_Companies,holding_Company,Holding_firm,Personal_finance_company
15,company,company#n#1,company,company,company,concern,corporation,enterprise,firm,partnership,venture,firm,company_(law),Companies,Registered_company,Incorporated_company,And_co.,And_company,And_sons,Campany,Cmpany,Comapnies,Comapny,Compagnie,Compagnies,Compnay,Registered_Companies,Your_company,ã?‡,company_(legal)
16,particularly,particularly#r#1,peculiarly#r#3,especially#r#1,specially#r#2,particularly,especially,particularly,peculiarly
16,suitable,suitable#a#1,suited#a#1,appropriate,fit,suitable,appropriate,suitable
16,investors,investor#n#1,investor,investor,investor,investor,Investors,Investor_protection,Invester
