1,launching,launch#v#2,launch,launch
2,rocket,rocket#n#1,projectile#n#2,rocket_(weapon),rocket,rocket,Rocket_weapon,Unguided_rocket,Unguided_missile,Rocket-based_weapons
3,communications satellite,communications_satellite#n#1,communications_satellite,communications_satellite,satcoms,Satellite_communications,Communication_satellite,Satellite_communication,Communications_satellites,Communication_satellites,Telecommunications_satellite,Commsat,Broadcast_Satellite,Satellite_Communications,Satellite_transmission,Television_satellite,Look_angle,Telecommunication_satellite,Broadcasting_satellite,Relay_(satellite),Relay_satellite,Digital_satellite_technology,Satellite_up-links,Broadcasting_Satellite,communications_Satellite,Sat-com,satcoms
3,communications,communication#n#1,communicating#n#1,communication,communication,social_communication,communication,communication,Communicate,Communication_skills,Social_Communication,Social_communication,Communications_technologies,communicating,Miscommunication,Communication_behavior,Media_and_Communications,Plant_communication,Communications_Technology,Communicate,Communicated,Communicates,communicating,Communication_process,communication_studies,communications,Communicative,Communicologist,Formulaic_communication,Formulaic_Communication_in_the_21st_Century,Human_communication,Linear_communication,Modern_communication,Nonverbal_communication,Problems_in_oral_communication,Social_communications,The_Progression_of_the_Philosophy_of_Formulaic_Communication,Theory_of_communication
3,launch,establish#v#1,set_up#v#1,found#v#1,launch#v#1,constitute,establish,found,institute,plant,set_up,launch,set_up
3,experimental,experimental#a#1,experimental,experimental
3,satellite,satellite#n#2,planet#n#2
4,admitted,admit#v#2,allow_in#v#1,let_in#v#2,intromit#v#1,admit,admit,admit,intromit
4,explosion,explosion#n#1,detonation#n#1,blowup#n#1,explosion,explosion,explosion,explosion,Explosions,Explode,Explosive_force,Chemical_explosion,Exploding,Cemical_Explosion,Chemical_Explosion,Explodable,Post-kinetic_environment,Report_(fireworks)
5,asked,ask#v#2,ask
5,called,name#v#1,call#v#1,call,name
5,Japan,Japan#n#2,Nippon#n#1,Nihon#n#1,Japan,Japan,Japan,State_of_Japan,Japan,Nippon,Japan,Japan,Nihon,Nippon,State_of_Japan,The_State_of_Japan,JPN,Japan_(country),Administrative_divisions_of_Japan,🗾,日本,Subdivisions_of_Japan,Ilbon,Modern–era_Japan,Archipelago_of_Japan,Etymology_of_Japan,Hapan,ISO_3166-1:JP,Ja-pan,JapaN,JAPAN,Japanese,Japanese_financial_sector,Japang,Japao,Japian,Japoa,Jpan,Nihon-koku,Nippon-koku,Republic_of_Japan,Riben,Rìběn,Yilbon,日本国,日本國
5,H2A,H2A,H2-A
6,changed,change#v#1,alter#v#1,modify#v#3,alter,change,modify,alter,change
7,advanced,advanced#a#1
7,model,model#n#1,theoretical_account#n#1,framework#n#1,Economic_model,Economic_model,model,model,model,model_(economics),Economic_models,Models,_economic,Financial_Models,Discrete_choice_linear_model,Discrete_regression_models,model_(Economics),Structure_(model)
8,launched,launch#v#2,launch,launch
9,maiden,inaugural#a#2,initiative#a#1,initiatory#a#1,first#a#3,maiden#a#1
9,flight,flight#n#2,flying#n#1,flight,flight,flight,flight,Principles_of_flight,Winging_(aerodynamics),Fligth,Flown,Flug,How_to_fly
9,blew,blow#v#1,blow,blow
9,ruling,rule#v#2,decree#v#2,decree,rule,rule
9,effectively,effectively#r#2,in_effect#r#1
9,maiden flight,maiden_flight#n#1,maiden_flight
9,blew up,inflate#v#1,blow_up#v#6,expand#v#5,amplify#v#3,blow_up
10,details,detail#n#2,particular#n#2,item#n#2
10,announce,announce#v#1,denote#v#3,announce,enunciate,exclaim,proclaim,promulgate,announce
11,major,major#a#1
11,suffered,suffer#v#1,endure#v#4,suffer
11,setback,reverse#n#3,reversal#n#2,setback#n#1,blow#n#3,black_eye#n#3
12,blew,blow#v#1,blow,blow
12,blew up,inflate#v#1,blow_up#v#6,expand#v#5,amplify#v#3,blow_up
13,be given,tend#v#1,be_given#v#1,lean#v#3,incline#v#1,run#v#12,tend
13,rights,right#n#1,Rights,rights,right,right,Rights,right,right,Rights_Ethics,Peoples'_rights,Rights_ethics,People's_rights,right,Right_by_birth
14,gift,gift#n#1,gift,gift,Gifts,Gifts,Presents,Giftware,Gift_giving,Gifting,Gift-giving,Present-giving,Gift_note,ðŸŽ?,Donate,Donated,Donates,donation,Donations,Gave,gift,Gift_Exchange,Gift_giver,Gifters,Giftwares,Personalized_gifts,The_psychology_of_giving_gifts,gift_(present),Give,Given,Giver,Gives,Giving,Presents
14,looking for,search#v#1,seek#v#2,look_for#v#1,search,look_for,search,seek,search,seek,search,locate,search,seek
14,came,come#v#1,come_up#v#3,come,come_up
14,lift-off,Lift-off_(microtechnology),Lift-off,Lift_Off_Process
14,looking,look#v#1,look,look,look,look
14,free,free#a#1,free
14,heaven-sent,heaven-sent#a#1,providential#a#1,miraculous#a#2,heaven-sent
15,Industries,industry#n#2,manufacture#n#1,industry,industry,industry,industry,industry,industry_vertical,vertical,Industries,Industrial_development,Industrial_base,Industrials,Industrial_activity,Industrial_sectors,Industrie,Industrial_resources,Industrial_system,Utah_state_motto,Industri,Indusry,Industrial,industrY,Subindustries,Subindustry
15,Heavy,heavy#n#1
15,Mitsubishi Heavy Industries,Mitsubishi_Heavy_Industries,Mitsubishi_Heavy_Industries,Mitsubishi_Heavy_Industries,_Ltd.,Mitsubishi_Heavy_Industry,Mitsubishi_Shipbuilding_&_Engineering,Mitsubishi_JÅ«kÅ?gyÅ?_Kabushiki-kaisha,Mitsubishi_Heavy_Industries_Shipyard,Mitsubishi_Heavy,Mitsubishi_heavy_industries,Mitsubishi_Jukogyo,ä¸‰è?±é‡?å·¥æ¥­æ ªå¼?æœƒç¤¾
15,Heavy Industries,Heavy_industry,heavy_industry,Heavy_industries,Heavy_Machinery,Heavy_industrial,Heavy_Industry,Heavy_industry_(economics)
15,Mitsubishi Heavy,Mitsubishi_Heavy_Industries,Mitsubishi_Heavy_Industries,Mitsubishi_Heavy_Industries,_Ltd.,Mitsubishi_Heavy_Industry,Mitsubishi_Shipbuilding_&_Engineering,Mitsubishi_JÅ«kÅ?gyÅ?_Kabushiki-kaisha,Mitsubishi_Heavy_Industries_Shipyard,Mitsubishi_Heavy,Mitsubishi_heavy_industries,Mitsubishi_Jukogyo,ä¸‰è?±é‡?å·¥æ¥­æ ªå¼?æœƒç¤¾
15,led,lead#v#3
15,Ltd,limited_company#n#1,Ltd.#n#1,Ld.#n#1,limited_company,Private_company_limited_by_shares,limited_company,private_company_limited_by_shares,limited_company,Ltd.,Private_limited_company,Ltd.,Private_Limited_Company,Private_limited_company_by_shares,Company_limited_by_shares,Limited_companies,Sendirian_Berhad,Private_limited_companies,Companies_limited_by_shares,Private_Limited,Company_accounts,Teoranta,Private_Limited_company,Cyf.,Teo.,Cyfyngedig,limited_Company,Pte_ltd,Pvt_Ltd
16,charge,charge#n#1
17,firmly,securely#r#1,firmly#r#2,firmly,securely
17,Japan,Japan#n#2,Nippon#n#1,Nihon#n#1,Japan,Japan,Japan,State_of_Japan,Japan,Nippon,Japan,Japan,Nihon,Nippon,State_of_Japan,The_State_of_Japan,JPN,Japan_(country),Administrative_divisions_of_Japan,🗾,日本,Subdivisions_of_Japan,Ilbon,Modern–era_Japan,Archipelago_of_Japan,Etymology_of_Japan,Hapan,ISO_3166-1:JP,Ja-pan,JapaN,JAPAN,Japanese,Japanese_financial_sector,Japang,Japao,Japian,Japoa,Jpan,Nihon-koku,Nippon-koku,Republic_of_Japan,Riben,Rìběn,Yilbon,日本国,日本國
17,place,put#v#1,set#v#1,place#v#1,pose#v#5,position#v#2,lay#v#1,lay,place,put,set,place,place
18,wholly,wholly#r#1,entirely#r#1,completely#r#1,totally#r#1,all#r#1,altogether#r#1,whole#r#1,completely,completely,entirely,totally,totally,whole,wholly,altogether,completely,entirely,whole
18,wholly owned subsidiary,subsidiary_company#n#1,subsidiary#n#2,subsidiary,subsidiary_company,subsidiary,subsidiary,subsidiary,Subsidiaries,Wholly_owned_subsidiary,subsidiary_company,Subsidiary_companies,Wholly_owned_subsidiaries,Wholly_owned,Affiliated_company,Subsidiarie,Subsidary,Captive_company,Wholly_owned_company,Captive_companies,Captive_corporation,Subsidaries,Subsidiarily,Subsidiariness,Wholly-owned,Wholly-owned_company,Wholly-owned_subsidiaries,Wholly-Owned_Subsidiary,Wholly-owned_subsidiary,Wholly_Owned_Subsidiary
18,subsidiary,subordinate#n#1,subsidiary#n#1,underling#n#1,foot_soldier#n#2,underling,subordinate
19,month,calendar_month#n#1,month#n#1,month,month,month,months,calendar_month,month,calendar_month,months,Khmer_calendar,Draconitic_month,Dracontic,Dracontic_month,Full_month,Hollow_month,Months_of_the_year,Nodical_month,Sideral_Month,Sideric_month,Sinhala_calendar,Sinodic_month,Synodal_month,Synodic_Month,ðŸ?±
19,probably,credibly#r#1,believably#r#2,plausibly#r#1,probably#r#2
19,signed,sign#v#1,subscribe#v#2,sign,sign,subscribe,sign
20,signed,sign#v#1,subscribe#v#2,sign,sign,subscribe,sign
21,leaves,leave#v#2
21,Japan,Japan#n#1,Japanese_Islands#n#1,Japanese_Archipelago#n#1,Japanese_wine,Japanese_wine,Japan_(wine),Japan_wine,Japanese_Wine
22,agreement,agreement#n#3,accord#n#1,agreement,accord,agreement,agreement,agreement
22,reached,reach#v#1,make#v#22,attain#v#4,hit#v#4,arrive_at#v#1,gain#v#4,reach,arrive,come,get,reach,arrive,arrive_at,get,hit,make
22,basic,basic#a#1,basic,basic
23,satellites,satellite#n#2,planet#n#2
23,lifted,lift#v#2,lift
24,lift-off,Lift-off_(microtechnology),Lift-off,Lift_Off_Process
24,fourth,fourth#a#1,4th#a#1,quaternary#a#2
24,successful,successful#a#1
25,environmental,environmental#a#2,environmental,environmental
25,scientists,scientist#n#1,scientist,scientist,scientist,scientist,Scientists,Scientists,Research_scientist,Research_Scientist,Research_scientists,scientist,Scientits,Scietnist
25,use by,shelf_life#n#1,shelf_life,shelf_life,expiration_date,expiry_date,shelf_life,best_before_date,expiration_date,expiry_date,Shelf-life,expiry_date,Use_by_date,Best_before,Perishable_food,Freshness_date,Expiry,Sell_by_date,Best_before_date,Open_dating,Use_by,Best_by_date,expiry_Date,Best_by,Best_By_Date,Born-On_date,Born_on_date,Dluo,DLUO,Freshness_dating,Shelf_storage_time
25,environmental scientists,ecology#n#2,bionomics#n#1,environmental_science#n#1,ecology,environmental_science,bionomics,.eco,bionomics,ecology,environmental_science,animal_ecology,ecology,environmental_science,bioecology,bionomics,eco-,ecology,environmental_science,ecology,Ecological,Environmental_Sciences,Environmental_sciences,Environmental_scientist,Ecologically,Environmental_biology,Environmental_Biology,animal_ecology,Ecospace,Ecological_science,eco-,Ecologies,.eco,Coastal_ecology,animal_Ecology,Green_Science,Oecology,bioecology,Ecolog,Ecological_factors,ecologist,Ecologocal,Enviromental_science,environmental_Science,Environmental_Scientist,Green_science,Green_Science_Fair_For_a_Better_Planet,Scientific_natural_history,Conservation_science_(environment),Conservation_science_(natural_resources)
