1,sees,see#v#1,see,behold,see,behold,see
1,growth,growth#n#2
2,slight,little#a#2,slight#a#1
2,reported,report#v#2
2,conservatively,conservatively#r#1,cautiously#r#2,guardedly#r#1,conservatively
2,rise,rise#n#1
2,increase,addition#n#3,increase#n#1,gain#n#1,gain,increase,increment,increase
2,percent,percentage#n#1,percent#n#1,per_centum#n#1,pct#n#1,percentage,percentage,percent,percentage,percent,percentage,PCT,percent,Per_cent,Percentages,Centigraph,Per_cent.,per_centum,Procent
2,predicted,predicted
3,assuming,bear#v#6,take_over#v#4,accept#v#6,assume#v#4,accept,assume,bear,take_over
3,profit,profit_(economics),profit,profit,Economic_profit,Normal_profit,Excess_profit,Normal_profits,Economic_profitability,Economic_profits,Abnormal_profit,Supernormal_profits,Abnormal_profits,Economic_Profit,Elements_of_economic_profit,Excess_profits,Excessive_profit,Excessive_profits,Monopolistic_profit,Normal_economic_profit,Normal_Profit,Personal_gain,Subnormal_profit,Supernormal_profit
4,news,news#n#2,news,news,news,news,news,Current_events,News_report,Current_Issues_and_Events,Newsworthy,The_News,American_current_events,Australian_current_events,Australian_Current_Events,British_and_Irish_current_events,Currentevents,New_Zealand_current_events,News-crammed,News_crammed,news_media,Newses,Odd_news,United_States:Current_Events,United_States_current_events
4,conference,conference#n#3,group_discussion#n#1
4,told,tell#v#2,tell,tell,tell
4,news conference,press_conference#n#1,news_conference#n#1,news_conference,news_conference,news_conference,press_conference,news_conference,press_conference,Press_conferences,Joint_press_conference,Press_briefing,U.S._Presidential_news_conference,Media_conference,U.S._presidential_news_conference
5,conservative,conservative#a#1
6,half,half#n#2
6,middle,middle#n#2,middle
6,rose,rise#v#1,lift#v#4,arise#v#5,move_up#v#2,go_up#v#1,come_up#v#6,uprise#v#6,rise,rise
6,marks,marker#n#2,marking#n#1,mark#n#2,mark
6,right,ethics#n#2,moral_philosophy#n#1,ethics,ethics,ethics,ethics,ethics,Right_and_wrong,moral_philosophy,Ethical,Moral_philosopher,Unethical,moral_Philosophy,ethics_(philosophy),Ethical_standards,Ethical_theory,Ethical_issues,Ethical_system,Right_and_wrong,Military_ethics,Ethical_philosophy,Right_(ethics),Moral_questions,Ethical_standard,Ethical_imperative,Philosophy_of_morality,Moral_philosophers,Ehtics,ethic,Ethical,Ethical_demand,Ethically,Ethikos,moral_philosophy,moral_Philosophy,Philosophical_ethics,Postmodern_ethics,Right_and_Wrong,Un-ethical,Етика
6,first half,first_half#n#1
6,coming,come#v#1,come_up#v#3,come,come_up
6,coming in,come_in#v#3
7,drop,drop#n#2,drib#n#1,driblet#n#1,drop_(liquid),Drop,drop,raindrop,drib,drop,raindrop,Droplet,Droplets,raindrop,Water_droplet,Rain_drop,Dripping_liquid,Raindrops,Pendant_drop_method,Dripping_water,Drop_of_water,Liquid_drop
7,average,modal#a#1,average#a#5,average
7,more than,more#a#1,more_than#a#1
7,marginally,marginally#r#1,marginally
7,rose,surface#v#1,come_up#v#4,rise_up#v#1,rise#v#5,rise_up
7,marks,mark#n#4,print#n#3,print
7,percent,percent
8,keen,exquisite#a#1,keen#a#2
9,current,current#a#1,current
9,high,high#a#1,high,high,high
9,prices,monetary_value#n#1,price#n#1,cost#n#2,cost,price,price,monetary_value
9,cautiously,cautiously#r#1,carefully#r#2
10,looking,look#v#1,look,look,look,look
10,opportunities,opportunity#n#1,chance#n#1,chance,opportunity,possibility,chance,opportunity
11,happy,happy#a#1
11,trigger,trigger#v#2
11,exactly,precisely#r#3,exactly#r#2,on_the_nose#r#1,on_the_dot#r#1,on_the_button#r#1
12,expenditure,expending#n#1,expenditure#n#2,expenditure,expending
12,total,full#a#3,total#a#2
12,capital,capital#n#1,working_capital#n#1,capital_(economics),financial_capital,working_capital,financial_capital,working_capital,capital_(economics),capital,real_capital,capital,financial_capital,real_capital,working_capital,capital,working_capital,Investment_capital,Capital_flows,Foreign_capital,Capital_maintenance,Capital_flow,Starting_capital,capital_(money),real_capital,Business_capital,Capital_Stock,Net_Working_Capital,Theory_of_capital,Capital_finance,Captive_capital,Finance_Capital,Net_working_capital,Operating_Capital,working_Capital,Working_capital_deficiency,capital_(Futures)
12,capital expenditure,capital_expenditure#n#1
12,expects,expect#v#1,anticipate#v#1,expect
13,regulatory,regulative#a#1,regulatory#a#1
13,obstacles,obstacle#n#1,obstruction#n#3,obstacle,obstacle,obstruction,obstacle,Impediment
13,saw,see#v#1,see,behold,see,behold,see
14,convinced,convert#v#9,win_over#v#1,convince#v#1,convince
14,question,question#n#2,head#n#23,question,head,question
15,share,share#n#2,share_(finance),share,share,share,share,Shares,Public_shares,Share_of_stock,Share_tips,Votable_share
16,closed,close#v#4,close
16,marks,marker#n#2,marking#n#1,mark#n#2,mark
16,pfennigs,pfennig#n#1,pfennig,pfennig,pfennig,₰
17,process,process#n#2,cognitive_process#n#1,mental_process#n#1,operation#n#9,cognitive_operation#n#1,mental_process,mental_process,cognitive_process,Mental_function,Mental_processes,Mental_functions,MentalFunctions,process_(mental)
17,believed,believe#v#1,believe,believe
19,expecting,expect#v#1,anticipate#v#1,expect
20,improving,better#v#2,improve#v#1,amend#v#2,ameliorate#v#1,meliorate#v#1
21,added,add#v#1,add,add,associate,combine,join,unite,add,join,add
22,played,play#v#1,play,play,play
22,played down,background#v#1,play_down#v#1,downplay#v#2
22,fears,fear#n#1,fearfulness#n#1,fright#n#1,fear,fear,fear,fear,fear,Fear,Fears,fright_(fear),Fearful,fearfulness,Feared,Fear_reaction,Afear,Afeard,Afeared,Afearing,Afears,Afraid,Causes_of_fear,Dread,Fearfully,Frightfulness,Phear,Scared_shitless,Scares,Scarier,Scariest,Scaring,Skeer,Unafraid,fear_(from_a_Moral_Standpoint),fear_(in_Canon_Law),Feared,Fearful,Fearing,Fears,Fright,Frighten,Frightened,Frightening,phobia,Phobias,Phobic,scare,Scared,Scares,Scaring,Scary,Terrify,Terrifying
23,economic,economic#a#1,economical#a#2,economical
24,contribution,contribution#n#1,part#n#12,share#n#4,contribution
24,major,major#a#1
25,currently,presently#r#2,currently#r#1,currently,presently,currently,presently
25,construction,construction#n#1,building#n#2,construction,construction,building,construction,construction_work,building,construction,construction,Construction_industry,Building_construction,Construction_site,Building_industry,Construction_project,Constructive,Residential_construction,Authority_Having_Jurisdiction,construction_work,Authority_having_jurisdiction,Building_project,Heavy_construction,Construction_sites,New_build,Construction_software,Construction_Zone,Construction_Industry,Construction_Material,Construction_place,Construction_Software,Construction_truck,Construction_zone,Constructon
25,negotiating,negociate#v#6,negotiate#v#1,talk_terms#v#1,negotiate,negotiate
26,report,report#v#2
26,progress,progress#n#2,progression#n#3,procession#n#3,advance#n#4,advancement#n#2,forward_motion#n#1,onward_motion#n#1,progression
26,end,goal#n#1,end#n#4,goal,Intrinsic_value_(ethics),goal,Intrinsic_value,goal,end,goal,goal,goal,End_in_itself,End-in-itself,Intrinsic_good,Ends-in-themselves,Terminal_value_(philosophy),Ultimate_importance,Short-term_goal,Primary_objective,Total_intrinsic_value,Principle_value,Chief_good,Inherent_worth,Intrinsic_bi-ism,Long-term_goal,Essential_value,Intrinsic_worthiness,Long_term_goal,Meta-value,Monistic_life_stances,Multistic_life_stances,Multistic_lifestance,Negative_intrinsic_value,Personal_achievement,Short_term_goal,Value_in_life,end_(ethics),goal_(management),Object_(task)
26,expects,expect#v#1,anticipate#v#1,expect
27,Corporation,corporation#n#1,corp#n#1,corporation,corporation,company,concern,corporation,enterprise,firm,partnership,venture,company,Corporations,enterprise,Corporations,Corporate,History_of_companies,Incorporated_business,Corporate_entity,Corporate_propaganda,Corporate_enterprise,Developing-world,Corp.,Corporate_entities,Mutual_benefit_corporation,Afro-Asian_Bloc,Chusik_hoesa,Company_history,Company_law_history,Coporation,Coportate,Coroporate_propaganda,Corperation,Corplate,Corporate,Corporate_agenda,Corporate_enterprises,corporation,History_of_company_law,History_of_corporate_law,History_of_corporations,Incorporated_businesses,Jusik_hoesa,Mutual_Benefit_Corporation,Publicly_quoted_companies,Shareholder_owned
27,sale,sale#n#1
27,reservations,reservation#n#5
27,Potash,potash#n#1,caustic_potash#n#1,potassium_hydroxide#n#1,potash,potassium_hydroxide,potash,potassium_hydroxide,potash,potassium_carbonate,potassium_fertiliser,potassium_fertilizer,caustic_potash,potash,potash_lye,potassa,potassium_hydroxide,caustic_potash,potash_lye,Pot_ash,potassa,Potassium_hydrate,Dipotassium_hydroxide,E525,Potash_deposits,Potash_fertilizer,Potash_salt,Potashes,Potasium_hydroxide,Potassia,potassium_fertilizer,potassium_Hydroxide,KOH_(chemical),Nitrium_(potash)
27,Potash Corporation,Potash_Corporation_of_Saskatchewan,Potash_Corporation_of_Saskatchewan,PotashCorp,Potash_Corporation,Potash_Corp,Potash_Corp._of_Saskatchewan,PCS_Phosphate,Potacan,Potash_Corp.,Potash_Corp_of_Saskatchewan,Potash_corporation_of_saskatchewan,Potash_Corporation_of_Saskatchewan,_Inc.,Potash_Corporation_Of_Saskatchewan_Inc.,Potash_Corporation_of_Saskatchewan_Inc.,Potashcorp
27,Saskatchewan,Saskatchewan#n#1,Saskatchewan,Saskatchewan,Saskatchewan,Sask,Saskatchewan,Saskatchewanian,Saskatchewan,Saskatchewan,Saskatchewan,_Canada,Province_of_Saskatchewan,Sasketchewan,Saskatchewanian,CA-SK,Sask,Sask.,Saskachewan,Saskatchewaner,Saskatohewan,Saskatchewan_(province)
27,Potash Corporation of Saskatchewan,Potash_Corporation_of_Saskatchewan,Potash_Corporation_of_Saskatchewan,PotashCorp,Potash_Corporation,Potash_Corp,Potash_Corp._of_Saskatchewan,PCS_Phosphate,Potacan,Potash_Corp.,Potash_Corp_of_Saskatchewan,Potash_corporation_of_saskatchewan,Potash_Corporation_of_Saskatchewan,_Inc.,Potash_Corporation_Of_Saskatchewan_Inc.,Potash_Corporation_of_Saskatchewan_Inc.,Potashcorp
28,enhancing,enhance#v#1,heighten#v#3,raise#v#13
28,stock,Marine#n#1,devil_dog#n#1,leatherneck#n#1,shipboard_soldier#n#1,leatherneck,marine,Marine_(military),Marine_(armed_services),Leather_stock,Military_stock,Neck_stock,Leathernecks,Stock_(military)
28,levels,Adema,Adema,Mark_Chavez,Mark_Chavez,Mike_Ransom,Bobby_Reeves_(singer),Tim_Fluckey,Midnight_Panic,Luke_Caraccioli,Marc_DeLeon,Ed_Faris,Mark_chavez,Level_(band)
