1,buys,buy#v#1,purchase#v#1,buy,purchase,buy,purchase,buy,purchase,purchase
1,Canton,canton#n#2,canton_(country_subdivision),canton,canton,canton_(subnational_entity),canton_(administrative_division),Canton_seat,Cantons,canton_(district),Kanton
2,site,site#n#1,land_site#n#1
2,build,construct#v#1,build#v#1,make#v#17,build,construct,build,build,construct,make,produce,build,construct,make,build
2,corporate,corporate#a#1,corporate
2,campus,campus#n#1,campus,campus,campus,campus,College_campus,Campuses,University_campus,On-campus,Collegiate_Campus,Collegiate_campus,Oncampus
2,buy,buy#v#1,purchase#v#1,buy,purchase,buy,purchase,buy,purchase,purchase
2,eventually,finally#r#1,eventually#r#1
3,decided,decide#v#1,make_up_one's_mind#v#1,determine#v#5,decide,determine,decide,determine,make_up_one's_mind,decide
3,not yet,not_yet
3,corporate offices,agency#n#1,federal_agency#n#1,government_agency#n#1,bureau#n#1,office#n#2,authority#n#5,government_agency,office,authority,authority,government_agency,office,agency,authority,office,agency,authority,bureau,office,authority,Office,Government_agencies,Governmental_agency,Offices,Class_A_office_space,State_agency,Governmental_organization,Office_complex,Administrative_agency,Office_buildings,Class_A_office,Authoritative,Administrative_agencies,Governmental_agencies,Medical_office_building,Office_blocks,Governmental_organisation,Main_offices,Class_B_office_space,Class_C_office_space,Corporate_office,Herrschaft_(sociology),Governmental_organizations,Office_design,United_states_government_agencies,Commercial_office,Medical_office_buildings,Government_authority,United_States_government_agencies,Office_development,ðŸ?¢,Class_A_Office_Space,Other_government_agencies,Governmental_Organization,Authorative,Authoritative,authorities,Class_a_office_space,Commerical_office,Government_Authority,Independent_government_agency,Other_Government_Agency,People_in_charge,Work_office
3,relocate,move#v#4,move,relocate,move,relocate
3,corporate,corporate#a#1,corporate
3,offices,office#n#1,business_office#n#1,office,office
4,staying,stay#v#1,remain#v#1,rest#v#6,remain,rest,stay,stay_on,remain,rest,stay,remain
5,want,desire#v#1,want#v#1,want,want
6,employs,hire#v#1,engage#v#3,employ#v#2,hire,employ,take_on,employ,employ,hire
6,people,people#n#1,people,people,people,people,people,👥
7,unchanged,unchanged#a#1
8,head,head#n#1,caput#n#2,head,head,head,caput,head,head,head_(anatomy),Cephalic,Heads,Cephalique,Kephalikos,Noddles
8,head office,headquarters#n#2,HQ#n#1,military_headquarters#n#1,headquarters,headquarters,head_office,headquarters,head_office,headquarters,HQ,Headquartered,Headquarter,head_office,Honbu,headquarters_(military),Base_of_operations,military_headquarters,Headoffice,Head_quarters,Head_Quarters,Base_of_operation,Hdqrs,Hdqtrs.,Head_Quarter,Head_quarter,headQuarters,Headquarts,Headquaters
8,office,office#n#1,business_office#n#1,office,office
9,talked,talk#v#1,speak#v#2,speak,speak,talk,speak,talk
9,Reebok,Reebok,Reebok,Reebok_International,Reebok_International_Limited,Reebock,J.W._Foster_&_Sons,_Ltd.,J.W._Foster_and_Sons_Limited,Limelight,_Ltd.,Limelight_Limited,Mercury_Sports,Reebok_International,_Ltd.,Reebok_International_Ltd.,Reebok_Join_the_Migration_Campaign,Incubus_(running_shoe)
9,granting,award#v#2,grant#v#2
